SA22018_V1_NAME,LATITUDE,LONGITUDE
North Cape,-34.50545276,172.77555
Rangaunu Harbour,-34.91627744,173.1374428
Inlets Far North District,-35.21850133,174.1582494
Karikari Peninsula,-34.99527816,173.3787384
Tangonge,-35.12314727,173.2186041
Ahipara,-35.15951697,173.1609194
Kaitaia East,-35.10383477,173.264143
Kaitaia West,-35.1217817,173.267174
Rangitihi,-35.12785001,173.3112224
Oruru-Parapara,-35.03331749,173.4612756
Taumarumaru,-34.99672682,173.507744
Herekino-Takahue,-35.18964254,173.3724075
Peria,-35.12407747,173.4481379
Taemaro-Oruaiti,-35.02535123,173.5789038
Whakapaku,-35.04987698,173.6629986
Hokianga North,-35.36850897,173.338401
Kohukohu-Broadwood,-35.29006863,173.4636267
Whakarara,-35.0629133,173.8499131
Kaeo,-35.15410315,173.7433197
Omahuta Forest-Horeke,-35.28834375,173.6178025
Hokianga South,-35.46801387,173.484387
Lake Manuwai-Kapiro,-35.18267324,173.8653501
Okaihau,-35.28661159,173.7908156
Rangitane-Purerua,-35.13418331,173.9391431
Waipapa,-35.2099338,173.918414
Puketotara,-35.2517628,173.9033075
Waima Forest,-35.48716638,173.6295263
Riverview,-35.20805962,173.9624342
Waipoua Forest,-35.58128435,173.511349
Kerikeri Central,-35.22507309,173.950963
Kerikeri South,-35.24639884,173.9577874
Ohaeawai-Waimate North,-35.33520904,173.8599237
Puketona-Waitangi,-35.27991822,174.0009525
Ngapuhi,-35.4228326,173.7653484
Kaikohe,-35.40792422,173.7976752
Pakaraka,-35.36746635,173.9844629
Haruru,-35.27932636,174.0592127
Russell,-35.25653762,174.1244661
Paihia,-35.28609895,174.0931179
Mataraua Forest,-35.54715526,173.8053652
Matawaia-Taumarere,-35.49406405,173.9526631
Russell Peninsula,-35.28679106,174.1622818
Opua (Far North District),-35.32270229,174.1000261
Russell Forest-Rawhiti,-35.36879174,174.2260603
Moerewa,-35.38372176,174.0251707
Kawakawa,-35.37897674,174.075755
Maromaku,-35.47825535,174.1413276
Mangakahia-Hukerenui,-35.65301955,174.0023164
Whangaruru,-35.48991999,174.3350113
Inlets other Whangarei District,-35.370714,174.3469273
Matarau,-35.66728748,174.2098716
Hikurangi,-35.5944828,174.2871618
Kauri,-35.62944367,174.2866567
Maungatapere,-35.76206371,174.1547373
Kamo West,-35.67006476,174.2950745
Matapouri-Tutukaka,-35.59792832,174.4780223
Kiripaka,-35.64674958,174.4028742
Kamo East,-35.67747272,174.3098025
Granfield Reserve,-35.69015065,174.2950582
Kamo Central,-35.68486255,174.3049155
Whau Valley,-35.70520079,174.2958018
Tikipunga North,-35.68085136,174.3230477
Pukenui,-35.74644668,174.255023
Otangarei,-35.69329776,174.3176996
Tikipunga South,-35.69457731,174.331665
Kensington (Whangarei District),-35.71310137,174.3083324
Abbey Caves-Glenbervie,-35.70399025,174.3612294
Mairtown,-35.70451425,174.3243045
Maunu-Horahora,-35.73757136,174.2903713
Woodhill-Vinetown,-35.727035,174.3095526
Whangarei Central,-35.72846995,174.3243032
Riverside,-35.72599375,174.3396456
Raumanga,-35.74968804,174.298963
Tarewa,-35.7418305,174.3090376
Morningside (Whangarei District),-35.73638776,174.3200567
Ngunguru,-35.62462501,174.5147439
Otaika-Portland,-35.78104758,174.2857558
Oakleigh-Mangapai,-35.89588695,174.2159562
Port-Limeburners,-35.74927345,174.3307518
Pataua,-35.69695195,174.4279443
Onerahi Park,-35.75246425,174.3725983
Sherwood Rise,-35.7486834,174.3618074
Onerahi,-35.76617497,174.363527
Inlet Whangarei Harbour,-35.80175652,174.4107329
Parua Bay,-35.76001844,174.4281226
Bream Bay,-35.91496801,174.3839032
Marsden Bay,-35.84344323,174.486869
Ruakaka,-35.87869623,174.457275
Bream Head,-35.81913112,174.5359188
Waipu,-36.03330412,174.4508209
Kaipara Coastal,-35.72900181,173.6512429
Maungaru,-35.87696287,173.9708915
Dargaville,-35.93920158,173.8652405
Ruawai-Matakohe,-36.08477059,174.1464978
Otamatea (Kaipara District),-36.20622411,174.32332
Maungaturoto,-36.10952458,174.3469392
Kaiwaka,-36.20144738,174.4195437
Mangawhai Rural,-36.11738276,174.5455796
Mangawhai Heads,-36.09442027,174.5840667
Inlet Mangawhai Harbour,-36.11793515,174.5937771
Mangawhai,-36.12486297,174.5764872
Okahukura Peninsula,-36.31614337,174.4783164
Inlet Kaipara Harbour South,-36.45365718,174.3266122
Cape Rodney,-36.25433822,174.6263805
Wellsford,-36.2928483,174.5215278
Oceanic Auckland Region East,-36.27144929,175.1687746
South Head,-36.59353204,174.3122737
Kaipara Hills,-36.46348663,174.4888195
Dome Valley-Matakana,-36.34097815,174.6866992
Oceanic Auckland Region West,-36.90291297,174.2970473
Warkworth West,-36.38893228,174.6516007
Puhoi Valley,-36.46850912,174.6247523
Warkworth East,-36.40528692,174.6679194
Sandspit,-36.39777901,174.6985473
Tawharanui Peninsula,-36.36596181,174.7918301
Te Kuru,-36.60344402,174.4839612
Snells Beach,-36.42024184,174.7251887
Barrier Islands,-36.20109801,175.4231637
Algies Bay-Scotts Landing,-36.45696537,174.7461037
Inlets other Auckland,-36.27348144,175.4086606
Wainui-Waiwera,-36.58514355,174.5634151
Parakai,-36.65763462,174.4359929
Helensville Rural,-36.64952348,174.4986995
Helensville,-36.67496915,174.4542527
Waitoki,-36.63734759,174.5842346
Waikoukou Valley,-36.70989198,174.5157411
Orewa North,-36.58108865,174.6758646
Hatfields Beach,-36.57001949,174.6893556
Orewa South,-36.59013546,174.685784
Orewa Central,-36.58726477,174.6944528
Millwater North,-36.6014983,174.6722756
Waipatukahu,-36.77908114,174.4207007
Millwater South,-36.61231012,174.6700085
Dairy Flat North,-36.6446947,174.6537422
Dairy Flat West,-36.67100483,174.6189121
Kingsway,-36.60606427,174.6865144
Riverhead Forest,-36.71463745,174.5741931
Silverdale Central (Auckland),-36.62402013,174.6749306
Red Beach West,-36.61127031,174.6954596
Red Beach East,-36.60592118,174.7048899
Silverdale South (Auckland),-36.62799753,174.6916035
Waimauku,-36.7805997,174.4644451
Gulf Islands,-36.787119,174.855332
Vipond,-36.61796366,174.7180399
Muriwai,-36.82525102,174.4292264
Stanmore Bay West,-36.62300197,174.7272423
Kumeu Rural West,-36.79039063,174.5213384
Okura Bush,-36.66711378,174.7099226
Whangaparoa Central,-36.63661523,174.7335833
Kumeu-Huapai,-36.76998293,174.5428667
Stanmore Bay East,-36.6293262,174.7417636
Manly West,-36.63336524,174.7530004
Muriwai Valley-Bethells Beach,-36.8197327,174.4703282
Tindalls-Matakatia,-36.61663904,174.77704
Coatesville,-36.72270876,174.6433629
Dairy Flat South,-36.6956027,174.6791641
Gulf Harbour North,-36.60949658,174.7941367
Manly East,-36.63338986,174.761288
Riverhead,-36.75810331,174.5837118
Army Bay,-36.60509803,174.8232573
Kumeu Rural East,-36.77658085,174.5745689
Gulf Harbour South,-36.62319574,174.7959801
Paremoremo West,-36.75507226,174.6158432
Taupaki,-36.82164682,174.5542496
Long Bay,-36.68946348,174.7330696
Paremoremo East,-36.74982031,174.6602053
Albany Heights,-36.71796472,174.6940139
Awaruku,-36.69990012,174.7273293
Fairview Heights,-36.71007322,174.7167899
Whenuapai,-36.79162758,174.6214307
Waitakere Ranges North,-36.89876888,174.50001
Torbay,-36.69512414,174.7509292
Albany Central,-36.72820186,174.7048352
Albany West,-36.7414674,174.6878799
Glamorgan,-36.70130329,174.7405506
Oteha East,-36.71657898,174.7220726
Northcross,-36.71165743,174.7307683
Oteha West,-36.72206732,174.7168675
Waiake,-36.70665026,174.7443967
Waitakere,-36.85697982,174.5407292
Albany South,-36.73882334,174.7094925
Browns Bay South West,-36.72178932,174.7299465
Browns Bay Central,-36.71427585,174.7432631
Schnapper Rock,-36.75623258,174.6869198
Pinehill,-36.73133656,174.7236327
North Harbour,-36.74630474,174.7150298
Browns Bay South East,-36.72475755,174.7377055
Westgate Central,-36.81462711,174.6057745
Greenhithe West,-36.77353411,174.6735475
Rothesay Bay,-36.7235541,174.7472939
Greenhithe East,-36.7641032,174.6893254
Hobsonville,-36.80986626,174.6281285
Inlet Waitemata Harbour,-36.83821248,174.705025
Greenhithe South,-36.77162145,174.6943051
Murrays Bay West,-36.73177873,174.7417476
Westgate South,-36.82710769,174.6079192
Windsor Park,-36.73975221,174.7356835
West Harbour West,-36.81872701,174.6225404
Unsworth Heights West,-36.75886381,174.7113026
Murrays Bay East,-36.7310303,174.7516195
Birdwood West,-36.85060481,174.5866772
Hobsonville Point,-36.79691625,174.661722
West Harbour Clearwater Cove,-36.81054038,174.637041
Unsworth Heights East,-36.75603242,174.7197727
Mairangi Bay North,-36.73858904,174.7465493
Massey Central,-36.83909835,174.6060205
West Harbour Luckens Point,-36.81802341,174.6369598
Mairangi Bay South,-36.74390273,174.7486477
Massey Royal Road West,-36.83429912,174.6125455
Bayview East,-36.76999591,174.7133744
Swanson Rural,-36.881095,174.5710682
Sunnynook South,-36.75526458,174.735876
Sunnynook North,-36.75086862,174.7416936
Bayview West,-36.77591921,174.704622
Totara Vale North,-36.75965827,174.7300947
Royal Heights North,-36.82851197,174.6277462
Massey West,-36.84988607,174.6074295
Beach Haven West,-36.79327636,174.6861914
Totara Vale South,-36.76583308,174.725736
Swanson,-36.86489607,174.5846298
Bayview South,-36.78197477,174.70359
Campbells Bay,-36.74954905,174.7562735
Royal Heights South,-36.83554837,174.628323
Beach Haven East,-36.79268258,174.6935913
Massey East,-36.84348264,174.6205713
Forrest Hill North,-36.75718347,174.7465398
Glenfield North,-36.7738809,174.7266135
Birkdale North,-36.79368225,174.7009238
Massey South,-36.84994988,174.616259
Ranui North,-36.86005874,174.6022059
Glenfield West,-36.78268321,174.7178979
Te Atatu Peninsula North West,-36.82655522,174.6488325
Glenfield South West,-36.78941699,174.7129006
Forrest Hill West,-36.76895837,174.7451352
Wairau Valley,-36.77355541,174.7345317
Forrest Hill East,-36.76431463,174.7522307
Castor Bay,-36.76039959,174.7617834
Ranui Domain,-36.86589923,174.6042734
Beach Haven South,-36.80714782,174.6941953
Glenfield Central,-36.78480405,174.725877
Piha,-36.96186554,174.4742342
Ranui South West,-36.87146189,174.5939237
Henderson Larnoch,-36.85924837,174.6179778
Birkdale South,-36.80042176,174.7076406
Te Atatu Peninsula Central,-36.83605713,174.6517401
Glenfield East,-36.78026196,174.7345869
Henderson Valley,-36.90641583,174.5691738
Te Atatu Peninsula West,-36.84872236,174.6469842
Henderson Lincoln West,-36.85979867,174.6241135
Ranui South East,-36.87189045,174.6046809
Henderson Lincoln East,-36.85590078,174.6340743
Birkenhead West,-36.80638223,174.712872
Te Atatu Peninsula East,-36.84345584,174.6562165
Milford West,-36.77129839,174.7601946
Westlake,-36.77655884,174.7535597
Hillcrest North (Auckland),-36.79003781,174.743793
Henderson Lincoln South,-36.86722468,174.6236751
Hillcrest West (Auckland),-36.7978865,174.7283092
Milford Central,-36.77174474,174.7684636
Summerland South,-36.88167753,174.6052759
Summerland North,-36.87595448,174.6134583
Hillcrest East (Auckland),-36.79435426,174.7362044
Chatswood,-36.81836588,174.7104998
Te Atatu South-Edmonton,-36.86466374,174.6422085
Birkenhead North,-36.80733528,174.7268999
Takapuna West,-36.78910918,174.7611701
Henderson North,-36.87606154,174.6253423
Takapuna Central,-36.78202515,174.7694704
Western Heights (Auckland),-36.88738067,174.6131388
Te Atatu South-Central,-36.86221041,174.649459
Northcote Central (Auckland),-36.79888947,174.7444442
Akoranga,-36.79657499,174.7545124
Northcote South (Auckland),-36.80649304,174.7385397
Birkenhead South,-36.81601936,174.730312
Henderson Central,-36.88968581,174.6292843
Waiatarua,-36.92234659,174.5947113
Te Atatu South-McLeod North,-36.87411227,174.6468791
Henderson Valley Park,-36.8922509,174.6171396
Henderson North East,-36.87938504,174.6400701
Waitakere Ranges South,-36.9893191,174.5351089
Northcote Tuff Crater,-36.8075236,174.7509012
Northcote Point (Auckland),-36.81611854,174.7445184
McLaren Park,-36.89892389,174.6209786
Henderson East,-36.88675131,174.6385137
Te Atatu South-McLeod South,-36.88084491,174.650126
Takapuna South,-36.79521645,174.7810086
Rosebank Peninsula,-36.88086056,174.6758045
Hauraki,-36.80062296,174.7769496
Glendene North,-36.89209039,174.649037
Sunnyvale West-Parrs Park,-36.9037139,174.6307313
Sunnyvale East,-36.89955638,174.6425338
Point Chevalier West,-36.86564859,174.7024618
Belmont (Auckland),-36.80517747,174.788184
Bayswater,-36.81411659,174.777979
Glendene South,-36.89691229,174.6541683
Glen Eden West,-36.91301994,174.6288182
Herne Bay,-36.84490477,174.7316448
Westmere North,-36.85441266,174.7186331
Point Chevalier East,-36.86700191,174.7141471
Oratia,-36.94487953,174.6118312
Glen Eden Rosier,-36.91539926,174.6364327
Saint Marys Bay,-36.84071817,174.7466688
Westmere South-Western Springs,-36.86042307,174.7224495
Ponsonby West,-36.85019424,174.7343627
Kelston North,-36.89579137,174.6663445
Avondale Rosebank,-36.88903628,174.6796956
Narrow Neck,-36.81569367,174.7966105
Glen Eden North,-36.90768225,174.6570296
Glen Eden Woodglen,-36.9174767,174.6432981
Kelston South,-36.90380643,174.6626679
Waterview,-36.87948054,174.6993614
Ponsonby East,-36.85137951,174.7415932
Wynyard-Viaduct,-36.8433094,174.7578883
Stanley Point,-36.82656718,174.7841077
Glen Eden Central,-36.91560255,174.6530206
Grey Lynn North,-36.85879216,174.7357648
Avondale West (Auckland),-36.89467964,174.6846386
Freemans Bay,-36.85220128,174.7504171
Mount Albert West,-36.88204623,174.7076941
Avondale North (Auckland),-36.88954577,174.6956275
Grey Lynn West,-36.8644209,174.733749
Mount Albert North,-36.87481471,174.7176531
New Lynn North,-36.9017384,174.6718904
Victoria Park,-36.84857807,174.7565912
Konini,-36.92920297,174.6437311
New Lynn North West,-36.90794042,174.6716825
Hobson Ridge North,-36.84707104,174.7627691
Grey Lynn Central,-36.86209925,174.7462203
Fruitvale,-36.91445572,174.6647414
Devonport,-36.82716648,174.7968828
Avondale Central (Auckland),-36.89552468,174.6951983
Queen Street,-36.84774104,174.7652497
Quay Street-Customs Street,-36.84601989,174.7764629
Hobson Ridge Central,-36.85070899,174.760467
Grey Lynn East,-36.86181959,174.7520855
Morningside (Auckland),-36.87312613,174.7319744
Shortland Street,-36.84736853,174.7682392
Hobson Ridge South,-36.85434043,174.7581422
New Lynn Central,-36.90748467,174.6859657
Cheltenham,-36.82539766,174.8065985
Queen Street South West,-36.85433303,174.761348
Mount Albert Central,-36.88345034,174.7233967
Karangahape,-36.85896498,174.7563976
Kingsland,-36.87030191,174.7458516
Anzac Avenue,-36.84768561,174.7720357
Waima-Woodlands Park,-36.94665584,174.6354162
Kaurilands,-36.92947622,174.6558367
Auckland-University,-36.85143057,174.7690647
New Lynn Seabrook,-36.91793217,174.6718063
Avondale South (Auckland),-36.90336613,174.6974575
Symonds Street North West,-36.85498533,174.7659377
Mount Albert South,-36.88951191,174.7169006
Symonds Street West,-36.8567668,174.7633319
West Lynn,-36.92520977,174.6662186
Owairaka West,-36.89532607,174.7111083
New Lynn Central South,-36.91380003,174.6822783
The Strand,-36.85025882,174.7745127
St Lukes,-36.88180554,174.7313305
Symonds Street East,-36.85691,174.7664115
Eden Terrace,-36.86462613,174.7596408
Grafton,-36.86013178,174.7682855
Eden Park,-36.87476437,174.7459515
Sandringham North,-36.88053268,174.7398888
Parnell West,-36.85679261,174.7779805
New Lynn South,-36.92110202,174.6828377
New Windsor North,-36.90238578,174.712539
Titirangi South,-36.94580721,174.6562265
Owairaka East,-36.89480258,174.7215225
Eden Valley,-36.87455582,174.7525837
Sandringham Central,-36.88819147,174.7338528
Glenavon,-36.90919425,174.7032455
Blockhouse Bay North,-36.91452187,174.6966093
Green Bay North,-36.92628317,174.6852654
Parnell East,-36.85621249,174.7875184
Laingholm,-36.96456984,174.6307716
Sandringham West,-36.89249272,174.7307877
Mount Eden North East,-36.86913097,174.7655503
Mount Eden North,-36.8748348,174.7609795
Wesley West,-36.89875702,174.726462
Green Bay South,-36.93348489,174.677338
Balmoral,-36.88723106,174.7449694
Sandringham East,-36.89314875,174.7382537
New Windsor South,-36.90852211,174.7163716
Mount Eden West,-36.88382084,174.7535738
Newmarket,-36.86853889,174.777063
Blockhouse Bay North East,-36.91483741,174.7082113
Epsom North,-36.87695838,174.77071
Wesley South,-36.90931026,174.7310823
Blockhouse Bay South,-36.92531189,174.6983916
Mount Eden East,-36.88500226,174.760481
Wesley East,-36.90326571,174.7340529
Orakei West,-36.85708312,174.815257
Maungawhau,-36.89091675,174.7542555
Remuera West,-36.87008743,174.7859276
Blockhouse Bay East,-36.92106193,174.7093426
Lynfield North,-36.91952771,174.7176304
Mount Roskill North,-36.90053933,174.7442134
Mount Roskill White Swan,-36.91484469,174.7259854
Mount Eden South,-36.89582511,174.7544877
Remuera Waitaramoa,-36.87147136,174.7942352
Orakei East,-36.85366237,174.8232736
Epsom Central-North,-36.88779009,174.7699262
Mount St John,-36.88236812,174.7803595
Mount Roskill Central North,-36.908804,174.7430111
Remuera North,-36.8684808,174.8040065
Three Kings West,-36.90307735,174.7523287
Mount Roskill Central South,-36.91583944,174.7383093
Epsom Central-South,-36.89675875,174.7678741
Lynfield South,-36.93014096,174.7201301
Remuera South,-36.88443518,174.7952652
Mission Bay,-36.855756,174.8323722
Three Kings East,-36.90429123,174.7584018
Mount Roskill South,-36.92449342,174.7300862
Inlet Manukau Harbour,-37.04318103,174.718716
Epsom East,-36.89528995,174.7782585
Remuera Waiata,-36.87744319,174.8043782
Epsom South,-36.90439621,174.7662217
Kohimarama,-36.85773003,174.8409213
Meadowbank West,-36.86956185,174.8257466
Hillsborough North (Auckland),-36.91359172,174.7581549
Hillsborough West (Auckland),-36.91988593,174.7473234
Greenlane North,-36.89157675,174.7929571
Waikowhai North,-36.92587047,174.7399876
Remuera East,-36.8760597,174.8214413
Waikowhai South,-36.92997876,174.746912
Royal Oak West (Auckland),-36.91008886,174.7693171
Saint Heliers West,-36.85712066,174.8507106
One Tree Hill,-36.90124562,174.7821993
Hillsborough East (Auckland),-36.91987919,174.75651
Saint Heliers North,-36.85233733,174.8619382
Remuera Abbotts Park,-36.88487835,174.8131141
Meadowbank East,-36.86978506,174.837007
Ellerslie Central,-36.89200686,174.8075067
Royal Oak East (Auckland),-36.91176082,174.7765866
Saint Heliers South,-36.86395106,174.8563302
Hillsborough South (Auckland),-36.92611941,174.7555866
Saint Johns West,-36.88206283,174.8336574
Greenlane South,-36.90084121,174.7988039
Remuera Waiatarua,-36.88285416,174.8274483
Glendowie North,-36.85540475,174.8737109
Onehunga West,-36.91965553,174.7742165
Ellerslie West,-36.89897117,174.8061246
Onehunga North,-36.91226992,174.7867371
Ellerslie East,-36.89230912,174.8210526
Saint Johns East,-36.87546729,174.8460881
Oneroa West,-36.78767524,174.999654
Glen Innes West,-36.873161,174.85692
Ellerslie South,-36.90072215,174.8155531
Stonefields West,-36.88678029,174.8372301
Onehunga Central,-36.91974178,174.7870961
Glendowie South,-36.8646606,174.8672379
Oranga,-36.91207992,174.8003061
Mount Wellington North West,-36.89388294,174.8293182
Panmure Glen Innes Industrial,-36.88365468,174.8507618
Onehunga-Te Papapa Industrial,-36.92606886,174.7948913
Te Papapa,-36.91863866,174.7964898
Stonefields East,-36.88886515,174.842588
Glen Innes East-Wai O Taiki Bay,-36.87360239,174.871202
Penrose,-36.91999811,174.8225891
Mount Wellington North East,-36.89400476,174.8429494
Mangere Bridge Ambury,-36.94780505,174.7687563
Mount Wellington Ferndale,-36.90212113,174.8317793
Point England,-36.88386826,174.8653296
Bucklands Beach North,-36.86068628,174.9037907
Mount Wellington East,-36.90148701,174.8388454
Mount Wellington West,-36.91116791,174.8277109
Panmure West,-36.89965538,174.8447464
Mangere Bridge,-36.94356976,174.7885401
Oneroa East-Palm Beach,-36.77927556,175.0521861
Tamaki,-36.89521581,174.8618746
Panmure East,-36.9022851,174.8603575
Mount Wellington Central,-36.90833619,174.8446081
Bays Waiheke Island,-36.79811715,175.1696346
Sylvia Park,-36.91485222,174.8404902
Mangere Mountain View,-36.95251573,174.7858599
Surfdale,-36.79613493,175.02985
Mount Wellington Industrial,-36.92046064,174.8516218
Half Moon Bay West,-36.88602382,174.8966502
Auckland Airport,-36.9891029,174.7740086
Eastern Beach,-36.87674433,174.9134907
Sunnyhills West-Pakuranga North,-36.9085095,174.872694
Favona North,-36.94920111,174.8089561
Bucklands Beach Central,-36.88001336,174.9076561
Farm Cove,-36.89546599,174.8838067
Mangere North,-36.95922768,174.7950367
Favona West,-36.95592834,174.8001116
Ostend,-36.79263832,175.0522047
Half Moon Bay North East,-36.88645568,174.9049466
Mangere West,-36.96564384,174.7900145
Pakuranga West,-36.91819021,174.8688268
Mount Wellington South West,-36.93113094,174.8459642
Sunnyhills East,-36.90137998,174.8914069
Half Moon Bay South East,-36.89466587,174.9025249
Favona East,-36.95588747,174.8108786
Mount Wellington South East,-36.92699118,174.8554437
Otahuhu Industrial,-36.9501703,174.8279842
Bucklands Beach South,-36.88980813,174.9131876
Pakuranga Central,-36.91470511,174.877811
Awhitu,-37.14989636,174.6321686
Harania North,-36.96170937,174.8102543
Otahuhu Central,-36.94175556,174.836046
Mangere Central,-36.97101355,174.7988214
Otahuhu North,-36.93828521,174.8472201
Howick West,-36.89320364,174.9197951
Pakuranga Heights North West,-36.91160179,174.8886163
Mellons Bay,-36.88715946,174.9304025
Pakuranga Heights East,-36.90862754,174.8990375
Sutton Park,-36.95872645,174.8220561
Otahuhu East,-36.93272301,174.8626682
Mangere South,-36.97875887,174.7951449
Onetangi,-36.79584373,175.0783981
Harania South,-36.96750095,174.814633
Highland Park (Auckland),-36.90473104,174.9093709
Otahuhu South West,-36.95216719,174.840055
Pakuranga Heights South West,-36.9198535,174.8867872
Mangere Mascot,-36.97328531,174.8094542
Waiheke East,-36.79798055,175.1279694
Massey Road West,-36.96532836,174.8244482
Otahuhu South,-36.94719396,174.8499666
Howick Central,-36.89922262,174.9236847
Massey Road North,-36.96400152,174.8326041
Botany Downs West,-36.90954846,174.9141456
East Tamaki,-36.93823242,174.8871287
Howick East,-36.90088621,174.930388
Burswood,-36.92248095,174.8974399
Massey Road South,-36.97185419,174.8222655
Middlemore,-36.96044494,174.843067
Mangere South East,-36.98695925,174.8274394
Botany Downs East,-36.91003877,174.9217755
Grange,-36.96377055,174.849417
Golflands,-36.92144309,174.9078108
Aorere North,-36.97359119,174.826687
Mangere East,-36.96930074,174.8391719
Cockle Bay,-36.89765568,174.9432824
Otara West,-36.95591017,174.8653476
Aorere Central,-36.97679381,174.8303348
Northpark North,-36.91724964,174.9224791
Somerville,-36.91234246,174.9339411
Northpark South,-36.9227022,174.9164104
Papatoetoe North,-36.97093119,174.8493612
Dingwall,-36.96337293,174.8606968
Aorere South,-36.98140868,174.8375585
Shelly Park,-36.90830816,174.9464512
Otara Central,-36.95593456,174.8767799
Huntington Park,-36.93387117,174.9069906
Botany Central,-36.93116908,174.9122367
Botany North,-36.92502363,174.9261203
Papatoetoe West,-36.98008106,174.8465055
Papatoetoe Central,-36.97461746,174.8580066
Sunkist Bay,-36.88262674,174.9978316
Otara East,-36.95494224,174.8862506
Redcastle,-36.94313907,174.9052712
Botany East,-36.93221968,174.9225992
Botany South,-36.9385812,174.9141462
Manukau Central,-36.99138991,174.8694753
Papatoetoe East,-36.97237736,174.8735364
Otara South,-36.96833434,174.8764096
Ferguson,-36.966167,174.8825216
Papatoetoe South West,-36.98945511,174.8468107
Botany Junction,-36.95962843,174.896418
Dannemora North,-36.94584124,174.9122148
Papatoetoe South,-36.97749183,174.8672654
East Tamaki Heights,-36.9417869,174.9224719
Te Puru,-36.89631822,175.0031611
Puhinui North,-36.98354464,174.8623562
Dannemora South,-36.95210786,174.9097049
Puhinui South,-36.98905465,174.8589293
Rongomai West,-36.97393225,174.8893256
Baverstock,-36.95525862,174.9167017
Puhinui East,-36.98223841,174.8717845
Turanga,-36.96408816,174.9885467
Rongomai East,-36.97278636,174.8943156
Ormiston North,-36.96413048,174.9130984
Maraetai,-36.88774867,175.0379711
Chapel Downs,-36.97187248,174.90214
Wiri West,-37.00828264,174.8624367
Clover Park North,-36.97956376,174.8931167
Mission Heights North,-36.95819159,174.9309111
Clover Park South,-36.98563252,174.8901217
Donegal Park,-36.97749254,174.9078563
Ormiston South,-36.97596797,174.9175859
Mission Heights South,-36.96503986,174.9321751
Hilltop (Auckland),-36.98571899,174.9077134
Wiri East,-36.99903763,174.8870903
Goodwood Heights,-36.99421746,174.8973283
Ormiston East,-36.98204749,174.9310793
Clendon Park North,-37.02445325,174.8600384
Burbank,-37.02139033,174.8679883
Tuscany Heights,-36.97921496,174.9550997
Totara Heights,-37.0016393,174.900245
Homai East,-37.0133257,174.8854612
Homai West,-37.01888813,174.877996
The Gardens (Auckland),-37.00156996,174.9130385
Clarks Beach,-37.13836247,174.707576
Clendon Park West,-37.03235369,174.8592663
Hillpark North,-37.01063595,174.8978987
Clendon Park East,-37.03230003,174.8651409
Karaka Creek,-37.13436391,174.7643774
Rowandale West,-37.02855927,174.8721658
Rowandale East,-37.02529361,174.8808791
Manurewa Central,-37.02111515,174.8914723
Weymouth North,-37.03938307,174.8653068
Hillpark South,-37.01717082,174.9004247
Alfriston,-37.01247699,174.920802
Weymouth East,-37.03734988,174.8776069
Leabank,-37.03219654,174.8873435
Weymouth South,-37.04682412,174.8629955
Manurewa East,-37.02583832,174.9061093
Manurewa South,-37.03138834,174.9004088
Randwick Park East,-37.01986261,174.9178302
Wattle Downs West,-37.05128128,174.8752268
Wattle Downs North,-37.03867016,174.8948734
Randwick Park West,-37.02624737,174.9135793
Kingseat-Karaka,-37.12442419,174.8214859
Wattle Downs East,-37.04722333,174.8929496
Takanini North,-37.02622521,174.9322924
Takanini Industrial,-37.03359785,174.9153558
Conifer Grove West,-37.0486937,174.9129301
Conifer Grove East,-37.04393764,174.9153718
Takanini West,-37.04068506,174.9211294
Takanini South,-37.0415736,174.9388831
Takanini Central,-37.05069884,174.925869
Ardmore,-37.06183843,175.0114799
Glenbrook,-37.20183488,174.7552721
Hingaia,-37.0736996,174.9141945
Takanini South East,-37.04902013,174.9451498
Kawakawa Bay-Orere,-36.98413362,175.1519685
Papakura West,-37.05653671,174.934168
Clevedon,-37.01480977,175.0459067
Papakura North,-37.05741406,174.9479461
Pahurehure,-37.06864785,174.9327286
Papakura Central,-37.06542305,174.9428189
Papakura North East,-37.05143433,174.9659428
Karaka Lakes,-37.08456461,174.9264839
Papakura Kelvin,-37.05933436,174.9623945
Papakura Massey Park,-37.0662997,174.9548386
Rosehill,-37.0807433,174.9381101
Patumahoe,-37.17691755,174.8351407
Papakura East,-37.05846123,174.9792085
Opaheke,-37.07682576,174.9479776
Papakura Industrial,-37.07325298,174.9642956
Red Hill,-37.06738541,174.9772937
Drury,-37.10606959,174.936694
Tamakae,-37.2446936,174.7233294
Hamilton Estate,-37.24583465,174.7395242
Drury Rural,-37.11220768,174.9747615
Waiuku Central,-37.25584046,174.7278117
Waiuku East,-37.25796999,174.7349682
Kendallvale,-37.25314449,174.7507266
Puni,-37.21369487,174.847442
Ramarama,-37.15945142,174.9340816
Hunua,-37.08256361,175.0816926
Pukekohe North West,-37.18225476,174.8958034
Anselmi Ridge,-37.18633345,174.93551
Pukekohe West,-37.20097025,174.8880399
Cape Hill,-37.18797047,174.9107133
Rosa Birch Park,-37.20705288,174.8959015
Rooseville Park,-37.19697684,174.9130763
Cloverlea (Auckland),-37.21592548,174.8926362
Pukekohe Central,-37.20891954,174.9133255
Pukekohe Hospital,-37.21226696,174.9026241
Buckland,-37.22733765,174.9192406
Bombay Hills,-37.17536804,175.0022561
Ararimu,-37.14686222,175.0824698
Colville,-36.69966402,175.4815761
Islands Thames-Coromandel District,-36.6154806,175.7959563
Coromandel,-36.75575844,175.4957155
Inlets Thames-Coromandel District,-36.78821889,175.469212
Mercury Bay North,-36.84372857,175.6117847
Whitianga North,-36.82143931,175.6736582
Whitianga South,-36.8336234,175.693564
Thames Coast,-37.0047507,175.5437934
Cooks Beach-Ferry Landing,-36.84060376,175.7477556
Mercury Bay South,-36.97215776,175.7163703
Kauaeranga,-37.1074127,175.6252365
Thames North,-37.13153868,175.5459187
Thames Central,-37.14032281,175.5414297
Thames South,-37.1491222,175.5590376
Hikuai,-37.10104385,175.7680875
Totora-Kopu,-37.16787966,175.5601176
Tairua,-36.99459914,175.8534233
Pauanui,-37.03385041,175.8548818
Matatoki-Puriri,-37.23726446,175.660874
Whangamata Rural,-37.17526649,175.8301005
Whangamata,-37.21349281,175.866589
Miranda-Pukorokoro,-37.11354894,175.2761128
Hauraki Plains North,-37.26398219,175.3964907
Hauraki Plains East,-37.23819335,175.5435369
Ngatea,-37.27899729,175.4915105
Hauraki Plains South,-37.355292,175.4824856
Paeroa Rural,-37.39345524,175.578646
Paeroa,-37.37535256,175.6739369
Waihi Rural,-37.43661886,175.7843219
Waihi North,-37.38622736,175.8334923
Waihi East,-37.3822807,175.8556129
Waihi South,-37.397349,175.8375224
Aka Aka,-37.29132737,174.7750921
Mangatangi,-37.1550063,175.1758021
Tuakau Rural,-37.28621227,174.9522906
Tuakau North,-37.25721309,174.9481626
Onewhero,-37.36416985,174.8754936
Pokeno Rural,-37.27014853,175.0048318
Tuakau South,-37.28146265,174.9406688
Port Waikato-Waikaretu,-37.46326144,174.7802215
Pokeno,-37.24416888,175.0202153
Pukekawa,-37.35591115,175.0052687
Maramarua,-37.27897408,175.2148486
Rangiriri,-37.3896672,175.0901221
Te Akau,-37.69707947,175.0455619
Inlets Waikato District,-37.78791463,174.9039852
Te Kauwhata,-37.4025191,175.1480209
Huntly Rural,-37.53043725,175.1912831
Waerenga,-37.42381266,175.3085218
Huntly West,-37.53603123,175.1387367
Huntly East,-37.55408564,175.1655325
Raglan,-37.8113872,174.8538483
Whitikahu,-37.5709867,175.3171859
Te Uku,-37.88322634,174.9382117
Taupiri-Lake Kainui,-37.65858387,175.1884422
Ngaruawahia North,-37.66207762,175.1534735
Ngaruawahia Central,-37.66638305,175.145065
Ngaruawahia South,-37.68072142,175.1433989
Kainui-Gordonton,-37.65939637,175.2749636
Te Kowhai,-37.72194588,175.1633403
Whatawhata West,-37.76133473,175.1233176
Horotiu,-37.70262644,175.2025065
Horsham Downs,-37.70633361,175.2818963
Whatawhata East,-37.80041059,175.1591115
Rotokauri,-37.79646444,175.2205137
Hamilton Park,-37.74851528,175.3389199
Eureka-Tauwhare,-37.73963043,175.4329609
Tamahere North,-37.8125973,175.3527103
Pukemoremore,-37.79999562,175.4230531
Tamahere South,-37.84740377,175.3897818
Tahuna-Mangateparu,-37.52132213,175.4648017
Mangaiti,-37.50073616,175.628672
Tatuanui,-37.64163374,175.5934946
Tahuroa,-37.69903344,175.524808
Morrinsville East,-37.64774647,175.5361261
Morrinsville West,-37.65791668,175.5191306
Te Aroha East,-37.53376025,175.7092418
Te Aroha West,-37.55101925,175.7006574
Waihou-Manawaru,-37.59772787,175.7683505
Waitoa-Ngarua,-37.64354365,175.7049672
Richmond Downs-Wardville,-37.71603663,175.7456246
Waharoa-Peria,-37.78764074,175.7349705
Okauia,-37.77286251,175.84579
Hinuera,-37.87610156,175.7205954
Matamata North,-37.8092195,175.7806562
Matamata South,-37.81753128,175.7711982
Te Poi,-37.87153608,175.8730697
Te Rapa North,-37.73226423,175.2207236
Flagstaff North,-37.72225897,175.2476694
Rotokauri-Waiwhakareke,-37.75541514,175.2113997
Flagstaff South,-37.729433,175.239892
Rototuna North,-37.71737955,175.2650505
Pukete West,-37.73942064,175.2352709
Flagstaff East,-37.73415885,175.2537505
Rototuna Central,-37.72662295,175.2653917
Pukete East,-37.74160973,175.2444184
Te Manatu,-37.72619876,175.2819573
Rototuna South,-37.73648973,175.2699478
Te Rapa South,-37.76141322,175.2411461
Saint Andrews West,-37.75310645,175.2502544
Saint Andrews East,-37.75334806,175.2616767
Queenwood (Hamilton City),-37.74645488,175.2661638
St James,-37.73572255,175.2838488
Crawshaw,-37.77209972,175.2349975
Huntington,-37.74374104,175.2837203
Western Heights (Hamilton City),-37.78528581,175.2266397
Nawton West,-37.78502392,175.2335739
Nawton East,-37.77962005,175.2401698
Chartwell,-37.75401103,175.2771694
Forest Lake (Hamilton City),-37.77134221,175.252909
Chedworth,-37.75074523,175.2849514
Beerescourt,-37.76368245,175.2614655
Miropiko,-37.76463892,175.2715573
Porritt,-37.7587924,175.2863794
Dinsdale North,-37.78865021,175.2457557
Maeroa,-37.77834857,175.2602885
Dinsdale South,-37.79839009,175.2393146
Fairfield (Hamilton City),-37.76889278,175.284084
Whitiora,-37.77756896,175.2704803
Enderley North,-37.76256822,175.2942334
Fairview Downs,-37.76127248,175.3031692
Temple View,-37.82263785,175.2191035
Swarbrick,-37.79404129,175.2521952
Kahikatea,-37.80133598,175.2505409
Frankton Junction,-37.79650916,175.2625589
Kirikiriroa,-37.7819599,175.2746929
Enderley South,-37.77006022,175.2965386
Ruakura,-37.77240012,175.3176173
Claudelands,-37.77969313,175.2879115
Hamilton Central,-37.78938082,175.2820307
Hamilton Lake,-37.79791394,175.2734923
Peachgrove,-37.77692046,175.2973258
Hamilton East Village,-37.79028168,175.2932465
Hamilton West,-37.80074182,175.2844169
Greensboro,-37.78580589,175.310164
Hamilton East Cook,-37.7913507,175.3034307
Melville North,-37.81091872,175.2793865
Hamilton East,-37.80128004,175.3007638
Melville South,-37.81569499,175.2785074
Deanwell,-37.8203408,175.2741917
Bader,-37.80931055,175.2924365
Hillcrest West (Hamilton City),-37.79546663,175.3132658
Hillcrest East (Hamilton City),-37.79610513,175.3216712
Silverdale (Hamilton City),-37.79128988,175.3291239
Glenview,-37.81914877,175.2905484
Resthill,-37.82572526,175.2873741
Fitzroy,-37.81785453,175.300863
Riverlea,-37.80516292,175.3249034
Peacockes,-37.82349958,175.312992
Te Pahu,-37.92511289,175.1276973
Ngahinapouri,-37.86550268,175.2050077
Lake Cameron,-37.85237531,175.2936539
Lake Ngaroto,-37.93011525,175.2427078
Kaipaki,-37.88426455,175.3540589
Pirongia,-37.99437359,175.2046696
Hautapu Rural,-37.84547487,175.4412634
Pokuru,-38.02371113,175.2579105
Te Rahu,-37.94962706,175.3486416
Fencourt,-37.84886961,175.4826117
Hautapu,-37.87894521,175.4437087
Karapiro,-37.87109072,175.5689487
Cambridge North,-37.8739543,175.4699974
Cambridge West,-37.8870045,175.4577976
Cambridge East,-37.882191,175.4734643
Cambridge Park-River Garden,-37.90135655,175.4496923
Oaklands-St Kilda,-37.87830147,175.4878859
Pukerimu,-37.93423692,175.4163048
Cambridge Central,-37.89316701,175.4715905
Te Awamutu North,-37.99873125,175.3216708
Te Awamutu West,-38.00845928,175.3046895
Leamington West,-37.90325801,175.4708609
Goodfellow Park,-38.00680748,175.31678
Leamington South,-37.91630252,175.4677197
Leamington Central,-37.91053559,175.4724629
Leamington East,-37.902915,175.4829882
Te Awamutu Stadium,-38.0160303,175.3153193
Te Awamutu Central,-38.0102104,175.326388
Pekerau,-38.00799642,175.3444897
Fraser Street,-38.02172341,175.3242625
Sherwin Park,-38.01763951,175.3360078
St Leger,-38.03675379,175.3326579
Rotoorangi,-38.02123915,175.4370543
Tokanui,-38.06948642,175.3219439
Kihikihi Central,-38.03798646,175.3507997
Maungatautari,-37.99001963,175.597405
Rotongata,-38.09897589,175.5485222
Inlets Otorohanga District,-38.08682721,174.843901
Pirongia Forest,-38.07790098,174.9593058
Honikiwi,-38.12541932,175.1399661
Te Kawa,-38.12026201,175.2594488
Otorohanga,-38.18318495,175.2167736
Maihiihi,-38.25985712,175.3533971
Puniu,-38.28518422,175.551365
Tirau,-37.95916018,175.8142962
Putararu Rural,-38.09657792,175.7324437
Putararu,-38.05293796,175.7846651
Kinleith,-38.29131119,175.7967036
Paraonui,-38.21178412,175.8515199
Parkdale,-38.20923493,175.8736035
Matarawa,-38.22438631,175.8534565
Stanley Park,-38.22081091,175.8635174
Strathmore (South Waikato District),-38.23232788,175.8653461
Tokoroa Central,-38.2230221,175.8734232
Moananui,-38.23905279,175.8629699
Inlet Waitomo District,-38.11501792,174.7820885
Herangi,-38.45166436,174.8036454
Hangatiki,-38.28355305,175.0693834
Aria,-38.5422892,175.0202212
Te Kuiti West,-38.33639894,175.1601903
Te Kuiti East,-38.33422954,175.1750142
Waipa Valley,-38.45839327,175.2765737
Tiroa,-38.53374368,175.5242158
Marotiri,-38.51214377,175.7806422
Ohakuri,-38.52137003,176.0947775
Lake Taupo Bays,-38.87191067,175.7316698
Mapara,-38.65445471,175.9769592
Inland water Lake Taupo,-38.80363803,175.9109763
Wairakei-Broadlands,-38.68443198,176.2621773
Acacia Bay,-38.70123976,176.0195681
Brentwood (Taupo District),-38.68168999,176.0527261
Nukuhau-Rangatira Park,-38.67360248,176.074247
Taupo Central West,-38.6847684,176.0730419
Tauhara,-38.6735574,176.1135731
Taupo Central East,-38.68453849,176.0813206
Mountview,-38.68673952,176.0924507
Bird Area,-38.69357961,176.0859815
Hilltop (Taupo District),-38.69976213,176.0991505
Waipahihi,-38.71039633,176.0993008
Richmond Heights,-38.71708174,176.0882855
Wharewaka,-38.73418064,176.0791833
Kaimanawa,-39.18581719,175.7416407
Waitahanui,-38.74070686,176.1542515
Turangi,-38.99284557,175.8060691
Rangataiki,-38.71838874,176.4705909
Taharua,-39.05016192,176.287545
Te More,-39.12878205,176.0316476
Waiau,-37.44585854,175.9097875
Waihi Beach-Bowentown,-37.42807039,175.9556145
Tahawai,-37.519043,175.8922931
Athenree,-37.44455774,175.9591733
Aongatete,-37.61688515,175.893938
Katikati,-37.55213437,175.9254829
Inlet Tauranga Harbour North,-37.57994816,176.0164512
Matakana Island,-37.56304484,176.0570772
Pahoia,-37.70302699,175.9681227
Omokoroa,-37.64305079,176.0343062
Omokoroa Rural,-37.655611,176.0146601
Te Puna,-37.68313647,176.068803
Minden,-37.77273465,176.0154078
Kaimai,-37.88590858,176.0209843
Kopurererua,-37.77550916,176.1039084
Kaitemako (Western Bay of Plenty District),-37.78247813,176.1993878
Waiorohi,-37.87712037,176.1477557
Otawa,-37.80633865,176.2729115
Te Puke West,-37.7881496,176.3108254
Rangiuru,-37.85543327,176.3346258
Te Puke East,-37.7898618,176.3255503
Inlets Maketu,-37.76884378,176.4813193
Maketu,-37.75952859,176.4634504
Pukehina Beach,-37.78609613,176.5175689
Pongakawa,-37.89305456,176.4961447
Matua North,-37.66586707,176.1233338
Inlet Tauranga Harbour South,-37.70215632,176.2192822
Mount Maunganui North,-37.63000366,176.1731587
Matua South,-37.66755205,176.1324534
Bethlehem North,-37.69058759,176.1075307
Bellevue,-37.67938337,176.1292392
Otumoetai North,-37.66946351,176.1490399
Otumoetai South,-37.67691846,176.1443713
Brookfield West,-37.69077076,176.1305169
Bethlehem Central,-37.7065879,176.1149812
Brookfield East,-37.68730456,176.1414349
Mount Maunganui South,-37.64901161,176.1975804
Tauranga Central,-37.67947411,176.1670426
Mount Maunganui Central,-37.66423891,176.194481
Judea,-37.69516132,176.1434545
Te Reti,-37.70366196,176.1307627
Bethlehem South,-37.72532991,176.1067655
Omanu Beach,-37.65870852,176.2077501
Tauranga Hospital,-37.70320853,176.1470071
Tauriko,-37.75604256,176.0916592
Gate Pa,-37.71588753,176.1355675
Greerton South,-37.72765679,176.1251871
Tauranga South,-37.7084259,176.1568196
Arataki North,-37.67104486,176.2167985
Matapihi,-37.69819147,176.1971738
Pyes Pa West,-37.75427199,176.1087299
Greerton North,-37.72989507,176.1376457
Yatton Park,-37.72182391,176.1463513
Pyes Pa North,-37.74119093,176.128028
Arataki South,-37.67254346,176.2257874
Pyes Pa South,-37.74928473,176.1224435
Poike,-37.73216784,176.1506486
Te Maunga North,-37.67469413,176.2338482
Maungatapu,-37.7183264,176.1789488
Hairini,-37.7321134,176.1627103
Pyes Pa East,-37.74799664,176.1423603
Te Maunga South,-37.68431126,176.2429964
Kaitemako (Tauranga City),-37.73959423,176.1766902
Ohauiti,-37.74926894,176.161603
Baypark-Kairua,-37.70754878,176.2495911
Welcome Bay West,-37.73107452,176.1850215
Welcome Bay East,-37.72030061,176.2092839
Pacific View,-37.69041269,176.2549225
Welcome Bay South,-37.73637425,176.1974355
Palm Beach North,-37.69284374,176.2627841
Palm Beach South-Gravatt,-37.69834431,176.2763618
Papamoa Beach North,-37.7028057,176.2953517
Doncaster,-37.71059488,176.2968183
Papamoa Beach South,-37.70757761,176.3111018
Motiti,-37.71900661,176.3439
Wairakei,-37.73298319,176.3590442
Tui Ridge,-38.01697507,176.129319
Arahiwi,-38.11299371,176.0476779
Ngongotaha Valley,-38.14347351,176.157425
Hamurana,-38.03031339,176.2509833
Ngongotaha East,-38.06283551,176.213884
Ngongotaha West,-38.07907701,176.2045438
Inland water Lake Rotorua,-38.07904037,176.2720466
Ngongotaha South,-38.09960701,176.2134176
Selwyn Heights,-38.11866039,176.2166889
Pleasant Heights,-38.12832953,176.2062618
Rotoiti-Rotoehu,-38.05706156,176.4580576
Kawaha,-38.10882745,176.2369396
Fairy Springs,-38.11485248,176.2290382
Western Heights (Rotorua District),-38.12374566,176.2209768
Pukehangi North,-38.13486467,176.2054859
Pukehangi South,-38.14208034,176.2072658
Mangakakahi Central,-38.12824758,176.2305875
Koutu,-38.12154784,176.2382327
Mangakakahi West,-38.13572124,176.2179799
Sunnybrook,-38.14973623,176.209178
Fordlands,-38.14335034,176.2231512
Kuirau,-38.13474084,176.2424283
Utuhina,-38.14249953,176.2321444
Pomare,-38.15440452,176.2216546
Rotorua Central,-38.13568521,176.2542401
Hillcrest (Rotorua District),-38.14990065,176.2346579
Victoria,-38.1428939,176.2445082
Waiohewa,-38.1090756,176.3811602
Glenholme North,-38.14741329,176.246068
Springfield South,-38.16331896,176.2277194
Springfield North,-38.15887997,176.2359355
Glenholme South,-38.15361117,176.2475663
Owhata West,-38.1297808,176.2912146
Holdens Bay-Rotokawa,-38.11483901,176.3250517
Ngapuna,-38.14682269,176.2704744
Fenton Park,-38.15219623,176.2575405
Tihiotonga-Whakarewarewa,-38.16412016,176.251731
Owhata East,-38.13784197,176.2981438
Lynmore,-38.14940578,176.2889536
Ngakuru,-38.3265856,176.1995005
Kaingaroa-Whakarewarewa,-38.25763217,176.4569721
Golden Springs,-38.43903714,176.350431
Manawahe,-37.94949244,176.6695897
Matata-Otakiri,-37.93846406,176.800438
Onepu Spring,-38.04128543,176.7499485
Edgecumbe,-37.97371477,176.8290882
Thornton-Awakeri,-37.98393622,176.9084386
Te Teko Lakes,-38.05714893,176.8025725
Coastlands,-37.94356079,176.9623343
Whakatane West,-37.96340527,176.9655928
Whakatane Central,-37.95356587,176.9923274
Trident,-37.96899468,176.9777094
Allandale,-37.96801926,176.9863538
Mokorua Bush,-37.96128021,177.0023902
Wainui,-38.01390602,177.0338821
Ohope,-37.98331205,177.1150872
Inlet Ohiwa Harbour West,-37.99554076,177.0962869
Galatea,-38.59477922,176.8316468
Waingarara-Waimana,-38.28225314,177.0217387
Murupara,-38.45393088,176.7063879
Monika Reserve,-38.09544004,176.6750031
Kawerau Industrial,-38.07123027,176.7217592
Tarawera Park,-38.09034331,176.709359
Inlet Ohiwa Harbour East,-38.01536696,177.1175093
Waiotahi,-38.04672615,177.2017177
Cape Runaway,-37.85617143,177.7894287
Woodlands,-38.01656194,177.259659
Opotiki,-38.0131159,177.2868247
Otara-Tirohanga,-38.02845968,177.3479923
Oponae,-38.20378355,177.3821502
East Cape,-37.68457303,178.2530963
Waipaoa,-38.34127548,177.7073397
Ruatoria-Raukumara,-37.86680632,178.1958855
Tokomaru,-38.07908632,178.1401774
Hangaroa,-38.67842084,177.6333148
Wharekaka,-38.4322622,178.1568292
Te Arai,-38.65827971,177.8970149
Hexton,-38.62021616,177.9681315
Lytton,-38.63811028,177.9990272
Makaraka-Awapuni,-38.65787303,177.9725507
Riverdale,-38.64381481,177.9976712
Te Hapara North,-38.65019278,178.0005427
Mangapapa North,-38.63947853,178.0121518
Elgin,-38.65935883,177.9921386
Te Hapara South,-38.6565594,178.0043158
Mangapapa East,-38.64354706,178.0214628
Mangapapa South,-38.64907911,178.0142546
Te Hapara East,-38.6560244,178.0172128
Centennial Crescent,-38.66282628,178.0094277
Whataupoko East,-38.64990296,178.0320065
Whataupoko West,-38.65837976,178.0289827
Gisborne Central,-38.66778237,178.0229931
Kaiti North,-38.66763381,178.0446818
Kaiti South,-38.67922301,178.0391953
Outer Kaiti,-38.66939983,178.056555
Tamarau,-38.67903252,178.0534396
Wainui-Okitu,-38.69472117,178.0598375
Maungataniwha-Raupunga,-38.9717569,177.0570601
Inland water Lake Waikaremoana,-38.77140394,177.072767
Frasertown-Ruakituri,-38.79568211,177.3499724
Whakaki,-39.01763369,177.541764
Wairoa,-39.03908469,177.4189808
Mahia,-38.98042026,177.7158195
Puketitiri-Tutira,-39.19745874,176.643007
Sherenden-Crownthorpe,-39.47575154,176.4980148
Maraekakaho,-39.62634976,176.2969952
Puketapu-Eskdale,-39.4377947,176.7912576
Omahu-Pakowhai,-39.56659265,176.8202478
Bridge Pa,-39.63313082,176.7628481
Twyford,-39.59961385,176.8187489
Poukawa,-39.75996379,176.7022712
Flaxmere West,-39.61622285,176.7732339
Omahu Strip,-39.61309296,176.7872568
Lochain Park,-39.61954659,176.7820075
Flaxmere Park,-39.62368341,176.7871471
Flaxmere South,-39.63097019,176.7912802
Irongate,-39.63855772,176.8011531
Frimley,-39.62166848,176.8292599
Camberley,-39.63000463,176.8258152
Clive,-39.58681014,176.9130379
St Leonards,-39.63470466,176.8331525
Mahora,-39.62404962,176.8488809
Raureka,-39.64068599,176.8248974
Cornwall Park,-39.63081696,176.8424303
Tomoana,-39.62461437,176.8637875
Longlands-Pukahu,-39.67130041,176.8249936
Raceway Park,-39.64609207,176.8324527
Karamu,-39.62823535,176.8838363
Hastings Central,-39.63962329,176.8464276
Tomoana Crossing,-39.63141616,176.8562162
Akina Park,-39.65011585,176.8405243
Queens Square,-39.64447191,176.853837
Mayfair,-39.64014808,176.8633994
Parkhaven,-39.65455823,176.8482577
Parkvale,-39.64945934,176.8609755
Mangateretere,-39.63473335,176.925178
Haumoana-Te Awanga,-39.6348138,176.9732479
Lucknow,-39.6706916,176.8701444
Karanema-St Hill,-39.66451096,176.8862713
Havelock North-Central,-39.66899524,176.8778553
Brookvale,-39.65974248,176.8952269
Iona,-39.67719283,176.8764327
Hereworth,-39.67259367,176.8927927
Te Mata Hills,-39.68967679,176.903869
Havelock Hills,-39.68336487,176.8865291
Kahuranaki,-39.7652496,176.9348851
Bay View,-39.44155622,176.8583947
Poraiti Hills,-39.50072983,176.8341526
Poraiti Flat,-39.49267269,176.8587725
Westshore,-39.4746211,176.8811713
Inlet Napier City,-39.48554208,176.8801505
Onekawa West,-39.49700088,176.8821806
Ahuriri,-39.48272533,176.8975936
Taradale West,-39.52609392,176.8382779
Greenmeadows West,-39.51591342,176.8534658
Taradale South,-39.54323393,176.8298907
Bluff Hill,-39.48081517,176.9153891
Hospital Hill,-39.48954321,176.9020767
Tamatea West,-39.51290647,176.863372
Tamatea North,-39.5079037,176.8724253
Taradale Central,-39.5289489,176.8496314
Tamatea East,-39.51596053,176.8691687
Marewa West,-39.49919694,176.8959941
Greenmeadows Central,-39.52255684,176.8615781
Onekawa Central,-39.50598803,176.8889077
Pirimai West,-39.51328394,176.8787314
Napier Central,-39.49277802,176.9157349
Greenmeadows South,-39.5259049,176.8673777
Nelson Park,-39.49765371,176.9080156
Bledisloe Park,-39.53439372,176.8565211
Pirimai East,-39.51832585,176.8824334
Onekawa East,-39.50931627,176.8956642
Tareha Reserve,-39.54400792,176.8514304
Marewa East,-39.50747604,176.906762
Onekawa South,-39.51636261,176.8917305
McLean Park,-39.5083024,176.9160949
Maraenui,-39.51577224,176.9036775
Meeanee-Awatoto,-39.54411569,176.8930414
Mangaonuku,-39.80378374,176.4170926
Makaretu,-39.94160872,176.3127314
Waipawa,-39.93975904,176.5913431
Waipukurau West,-39.99738364,176.540483
Mangarara,-39.99003717,176.7626486
Waipukurau East,-40.00231546,176.5602707
Taurekaitai,-40.20716661,176.5333772
Port Taranaki,-39.06078035,174.0294161
Spotswood,-39.07096507,174.0242788
Omata,-39.09431592,174.0185389
Oakura,-39.11694914,173.9506602
Moturoa,-39.06270468,174.0483364
Kaitake,-39.19318761,173.9421888
Blagdon-Lynmouth,-39.07074008,174.043222
Kawaroa,-39.06419765,174.0657136
New Plymouth Central,-39.05700192,174.0753745
Marfell,-39.07502389,174.0471119
Whalers Gate,-39.08580042,174.0370736
Strandon,-39.05369313,174.0947566
Westown,-39.0747742,174.0601111
Bell Block West,-39.02995252,174.1375862
Bell Block East,-39.0162041,174.1700239
Waiwhakaiho-Bell Block South,-39.03639644,174.164266
Lower Vogeltown,-39.07209853,174.0782174
Hurdon,-39.09534718,174.0505955
Frankleigh Park,-39.08421237,174.070129
Merrilands,-39.06454623,174.1020596
Ferndale,-39.08975124,174.0580376
Welbourn,-39.08571024,174.093116
Fitzroy-Glen Avon,-39.07427128,174.1236045
Waitara West,-38.9975014,174.2265459
Upper Vogeltown,-39.09023955,174.0833227
Highlands Park (New Plymouth District),-39.08069461,174.1044312
Paraite,-39.05356228,174.1621418
Waitara East,-38.99532406,174.2439001
Lepperton-Brixton,-39.03478152,174.2186892
Mangorei,-39.18102935,174.0601763
Mount Messenger,-38.92321069,174.624339
Mangaoraka,-39.13469225,174.1638859
Tikorangi,-39.04099797,174.3431324
Everett Park,-39.22793305,174.1811673
Inglewood,-39.15653753,174.2015206
Tarata,-39.1604937,174.3905301
Pembroke,-39.34019567,174.1853654
Douglas,-39.24071688,174.6297252
Toko,-39.31711879,174.348302
Stratford North,-39.32802895,174.2826132
Whangamomona,-39.11310251,174.8722542
Stratford Central,-39.3375964,174.2891065
Stratford South,-39.34903873,174.2851582
Cape Egmont,-39.31360193,173.8715951
Taungatara,-39.44771938,173.9754203
Opunake,-39.45132365,173.8587844
Kaponga-Mangatoki,-39.43452513,174.2298045
Manaia-Kapuni,-39.51778061,174.1237958
Eltham,-39.4310866,174.2990357
Okaiawa,-39.5375084,174.217588
Te Roti-Moeroa,-39.43904821,174.4934703
Egmont Showgrounds,-39.57617162,174.2630823
Normanby-Tawhiti,-39.58187479,174.3113782
Ohangai,-39.53843359,174.4489632
Turuturu,-39.57067046,174.2791488
King Edward Park,-39.58215942,174.276832
Ramanui,-39.60612482,174.2747851
Hawera Central,-39.59042249,174.2831451
Mangawhio,-39.61067493,174.745567
Manutahi-Waitotora,-39.78384701,174.5752917
Patea,-39.75417884,174.4704212
Otangiwai-Ohura,-38.86696248,175.0029802
Ngapuke,-38.85395468,175.3781322
Taumarunui North,-38.86254762,175.2446764
Taumarunui Central,-38.88792031,175.2643661
Taumarunui East,-38.88852154,175.3137957
National Park,-39.11630156,175.3719336
Tangiwai,-39.36236325,175.167665
Raetihi,-39.42926305,175.2760396
Ohakune,-39.41156448,175.4146504
Waiouru,-39.46984453,175.677638
Upper Whanganui,-39.70091534,175.1695273
Mowhanau,-39.84344675,174.9028829
Brunswick-Papaiti,-39.87675408,175.029188
Castlecliff West,-39.92973815,174.9771752
Otamatea (Whanganui District),-39.90577525,175.0219061
Castlecliff East,-39.9365306,174.9926916
Springvale North,-39.92096132,175.0167745
Lower Aramoho,-39.90451924,175.053096
St Johns Hill East,-39.91309776,175.0395832
St Johns Hill West,-39.92023434,175.030642
Titoki,-39.93592026,175.0099764
Springvale West,-39.92948142,175.0175364
Springvale East,-39.92557706,175.0232251
Upper Aramoho,-39.89595181,175.0698305
Balgownie,-39.94857043,175.0087787
Laird Park,-39.91964278,175.0457945
Wembley Park,-39.90764024,175.0640024
College Estate,-39.9305007,175.034705
Whanganui East-Williams Domain,-39.91385177,175.0614987
Gonville West,-39.94273365,175.0182285
Gonville North,-39.93848551,175.0290087
Cornmarket,-39.92629435,175.0507913
Whanganui East-Riverlands,-39.92181181,175.0612798
Kaitoke-Fordell,-39.94185467,175.1562215
Whanganui Central,-39.93513676,175.047018
Gonville South,-39.94790734,175.0340018
Bastia-Durie Hill,-39.93438728,175.0659697
Putiki,-39.95056973,175.0499852
Mokai Patea,-39.59566818,175.8944296
Ngamatea,-39.35192361,176.196284
Turakina,-40.0113956,175.257739
Otairi,-39.8895865,175.525475
Taihape,-39.67806733,175.7967734
Marton Rural,-40.10983805,175.3773963
Marton North,-40.06299097,175.3709808
Parewanui,-40.17938557,175.2847758
Marton South,-40.08428893,175.3854159
Bulls,-40.17938877,175.3825101
Kiwitea,-40.00817686,175.6960387
Tokorangi,-40.12383342,175.549708
Ohakea-Sanson,-40.21459412,175.3949146
Oroua Downs,-40.32828797,175.2906718
Awahuri,-40.24996829,175.4722311
Pohangina-Apiti,-40.07201708,175.912508
Mount Taylor,-40.20143326,175.5550465
Taikorea,-40.35854632,175.3943324
Makino,-40.20622477,175.5655507
Sandon,-40.22623004,175.5460915
Kimbolton North,-40.2074565,175.5821478
Warwick,-40.22282513,175.5590182
Kimbolton West,-40.21815279,175.5702038
Feilding Central,-40.23865803,175.5811432
Kimbolton South,-40.22630659,175.5780156
Kauwhata,-40.37673467,175.4759989
Taonui,-40.23630115,175.6934484
Newbury,-40.33398879,175.5799289
Palmerston North Airport,-40.31236784,175.6224136
Milson North,-40.32708272,175.6073125
Cloverlea (Palmerston North City),-40.3451422,175.5851881
Tremaine,-40.33969042,175.5986569
Milson South,-40.33443818,175.6050523
Whakarongo,-40.31079696,175.6911013
Westbrook,-40.35570204,175.5780286
Takaro North,-40.34988583,175.5986913
Pioneer West,-40.37290141,175.5684516
Palmerston North Hospital,-40.34174356,175.6148222
Highbury East,-40.3613441,175.586246
Park West,-40.36636017,175.5767905
Takaro South,-40.35685753,175.5936027
Roslyn (Palmerston North City),-40.33547398,175.6289593
Kelvin Grove West,-40.32856085,175.6444119
Kelvin Grove North,-40.32242994,175.6605118
Papaioea North,-40.34721244,175.6189207
Palmerston North Central,-40.35537702,175.6101096
Awapuni North,-40.37027268,175.5887085
Terrace End,-40.34168056,175.633626
Maraetarata,-40.38387287,175.5791031
Papaioea South,-40.35209317,175.6254717
Royal Oak (Palmerston North City),-40.33074153,175.6625931
West End,-40.36797536,175.6033929
Awapuni South,-40.37784493,175.5934347
Milverton,-40.35969543,175.6198325
Ruamahanga,-40.34920538,175.6419486
Esplanade,-40.36732356,175.6142908
Hokowhitu Central,-40.36171123,175.6258934
Hokowhitu East,-40.35738577,175.6363304
Turitea,-40.39053678,175.6086253
Ruahine,-40.37008236,175.6316461
Linton Camp,-40.40509247,175.5872108
Ashhurst,-40.29115251,175.7586017
Hokowhitu South,-40.36620394,175.6416672
Aokautere,-40.36929816,175.6562344
Pihauatua,-40.45284951,175.6046679
Aokautere Rural,-40.3679274,175.7180641
Poutoa,-40.3900382,175.6454414
Norsewood,-40.11138214,176.1510501
Papatawa,-40.2208018,175.9958666
Mangatainoka,-40.39758846,175.8254609
Woodville,-40.33673831,175.8663522
Dannevirke West,-40.19710678,176.1024234
Dannevirke East,-40.21019552,176.1021355
Waitahora,-40.30073659,176.2162129
Kaitawa,-40.47250224,175.9768251
Pahiatua,-40.45465931,175.8372168
Nireaha-Eketahuna,-40.65364269,175.7939646
Owhanga,-40.51321329,176.3103924
Mara,-40.7076109,176.2497604
Kere Kere,-40.52713273,175.3164119
Foxton Beach,-40.46403695,175.2307876
Foxton North,-40.47062245,175.2951375
Foxton South,-40.48423901,175.3110499
Waitarere,-40.57378541,175.2571002
Waikawa (Horowhenua District),-40.65346254,175.1885437
Miranui,-40.53552154,175.4810799
Donnelly Park,-40.61416466,175.2704145
Ohau-Manakau,-40.69886257,175.2075246
Kawiu South,-40.61507877,175.2839139
Makomako,-40.62400084,175.2745665
Kawiu North,-40.61371427,175.3005003
Levin Central,-40.6233097,175.2848475
Tararua,-40.64205371,175.30927
Shannon,-40.54988606,175.4133133
Queenwood (Horowhenua District),-40.62073993,175.2965852
Playford Park,-40.62888671,175.290372
Fairfield (Horowhenua District),-40.6214039,175.309364
Taitoko,-40.63650667,175.2892378
Waiopehu,-40.63216009,175.2989984
Makahika,-40.65174754,175.4014768
Kimberley,-40.7130168,175.2985159
Kapiti Island,-40.8558721,174.9109542
Otaki Beach,-40.75542681,175.1159873
Forest Lakes (Kapiti Coast District),-40.74369534,175.1696326
Otaki,-40.75304139,175.139668
Te Horo,-40.79710947,175.1058781
Waitohu,-40.75979827,175.1672598
Waikanae Beach,-40.86463333,175.0270813
Peka Peka,-40.83731455,175.0747979
Paraparaumu Beach North,-40.88107643,174.9988209
Paraparaumu Beach West,-40.89195563,174.9847306
Waikanae Park,-40.86251456,175.0492474
Paraparaumu Beach East,-40.89483919,174.9933816
Otaihanga,-40.88290094,175.0278559
Paraparaumu North,-40.8945728,175.0114101
Waikanae West,-40.86597934,175.0664341
Otaki Forks,-40.82379781,175.1869276
Paraparaumu Central,-40.90799495,174.9988635
Maungakotukutuku,-40.93688543,175.0476319
Raumati Beach West,-40.91582202,174.9821642
Waikanae East,-40.86699218,175.0788313
Tararua Forest Park,-40.91086064,175.2455926
Raumati Beach East,-40.92186239,174.9927089
Paraparaumu East,-40.91934665,175.0118663
Raumati South,-40.94126612,174.9832916
Paekakariki,-40.97186832,174.9689514
Mana Island,-41.0877791,174.7811906
Pukerua Bay,-41.04419545,174.8734926
Paekakariki Hill,-41.05684778,174.9090328
Plimmerton,-41.06768493,174.8603957
Titahi Bay North,-41.0986598,174.8438862
Titahi Bay South,-41.11339531,174.8269882
Elsdon-Takapuwahia,-41.13204408,174.809493
Pauatahanui,-41.09485489,174.9467401
Onepoto,-41.10398798,174.852845
Camborne,-41.08897126,174.8745342
Inlet Porirua Harbour,-41.09795865,174.8909707
Paremata,-41.09886842,174.8670634
Porirua Central,-41.14584359,174.8258305
Papakowhai,-41.11593264,174.8635056
Aotea,-41.1282577,174.8572303
Postgate,-41.11331454,174.88235
Ascot Park,-41.12000324,174.8733681
Whitby,-41.11717134,174.8910727
Porirua East,-41.14311394,174.8556759
Endeavour,-41.11459136,174.9041578
Cannons Creek North,-41.13969216,174.86263
Waitangirua,-41.12984631,174.8799988
Ranui Heights,-41.15160958,174.8500721
Cannons Creek East,-41.13722514,174.8714006
Cannons Creek South,-41.14999717,174.8714318
Akatarawa,-41.01655002,175.1333838
Riverstone Terraces,-41.11205217,175.0382665
Heretaunga,-41.13877359,175.0190514
Birchville-Brown Owl,-41.08596013,175.1131529
Poets Block,-41.12290419,175.046046
Brentwood (Upper Hutt City),-41.12890914,175.0367907
Silverstream (Upper Hutt City),-41.15226988,175.0098176
Elderslea,-41.1201997,175.0578796
Trentham North,-41.1328255,175.0456439
Totara Park,-41.1093256,175.0844316
Trentham South,-41.14890544,175.0408256
Mangaroa,-41.1566926,175.1179038
Ebdentown,-41.11875719,175.0724405
Wallaceville,-41.12888528,175.0608683
Maoribank,-41.10626518,175.1087921
Te Marua,-41.08870706,175.1433515
Pinehaven,-41.16844867,175.0176827
Clouston Park,-41.11739699,175.0871265
Upper Hutt Central,-41.12711172,175.0762649
Belmont Park,-41.1693145,174.915543
Maungaraki,-41.20840978,174.8799031
Korokoro,-41.21562751,174.867814
Kelson,-41.17271184,174.9429424
Normandale,-41.20345009,174.8932085
Belmont (Lower Hutt City),-41.1900686,174.921239
Petone Central,-41.22362356,174.8696944
Tirohanga,-41.19825451,174.9058497
Manor Park,-41.1557617,174.9799001
Alicetown-Melling,-41.21402786,174.8936519
Taita North,-41.17126316,174.9646275
Boulcott,-41.19937004,174.9243987
Hutt Central North,-41.20872236,174.9066487
Avalon West,-41.19088299,174.9410722
Stokes Valley Central,-41.16891621,174.9773613
Taita South,-41.18492338,174.9591853
Petone East,-41.2248184,174.8906266
Hutt Central South,-41.21349159,174.9093613
Stokes Valley North,-41.1669317,174.9931214
Petone Esplanade,-41.22967597,174.8872543
Epuni West,-41.20573675,174.9273207
Avalon East,-41.19581347,174.9445546
Woburn,-41.219921,174.9076687
Naenae Central,-41.19973943,174.9495661
Waterloo West,-41.21499593,174.9205526
Epuni East,-41.20891382,174.9348448
Gracefield,-41.24017306,174.9107538
Moera,-41.22794428,174.9036201
Delaney,-41.1864706,174.9792453
Waiwhetu,-41.22552582,174.9174298
Waterloo East,-41.21794009,174.9291689
Naenae North,-41.19737756,174.9624851
Manuka,-41.18502912,174.9869835
Naenae South,-41.20946486,174.9505032
Towai,-41.23003773,174.9349393
Arakura,-41.23870795,174.9447964
Eastern Bays,-41.28078028,174.9092653
Pencarrow,-41.27707617,175.0270328
Wainuiomata West,-41.25104641,174.9328771
Glendale,-41.2429916,174.9547394
Wainuiomata Central,-41.26139998,174.9406807
Eastbourne,-41.30031562,174.8943222
Homedale East,-41.2691306,174.9584326
Homedale West,-41.2741023,174.9497641
Makara-Ohariu,-41.25931237,174.7152625
Tawa North,-41.16425548,174.8210721
Linden,-41.15666441,174.8338014
Tawa South,-41.18147753,174.8169007
Tawa Central,-41.17402334,174.8271726
Grenada North,-41.17727395,174.8389704
Churton Park North,-41.19767254,174.8136557
Takapu-Horokiwi,-41.18554165,174.8592479
Churton Park South,-41.21086631,174.8069531
Johnsonville West,-41.22309862,174.7938353
Grenada Village,-41.20467061,174.825399
Johnsonville North,-41.21764248,174.8030062
Paparangi,-41.21674369,174.8198372
Ngaio North,-41.24641459,174.7716312
Johnsonville Central,-41.22372125,174.8074313
Broadmeadows,-41.23505672,174.7932611
Crofton Downs,-41.25754511,174.7618263
Johnsonville South,-41.23102176,174.8021083
Khandallah Reserve,-41.2435098,174.7854652
Karori Park,-41.28258876,174.7256573
Newlands North,-41.22406312,174.820536
Ngaio South,-41.2531632,174.7760258
Newlands South,-41.23454859,174.8212482
Woodridge,-41.21623239,174.8346183
Karori North,-41.27758715,174.7443722
Khandallah North,-41.24289834,174.7976975
Wilton,-41.26835527,174.7607365
Khandallah South,-41.25262817,174.7886333
Wadestown,-41.26222883,174.7757271
Karori South,-41.28902351,174.7332855
Onslow,-41.24952131,174.8028215
Karori East,-41.28702587,174.747422
Pipitea-Kaiwharawhara,-41.27624822,174.7877264
Northland (Wellington City),-41.27908062,174.7601921
Thorndon,-41.27246445,174.7742273
Wellington Botanic Gardens,-41.28249882,174.7687433
Kelburn,-41.28798133,174.7604562
Aro Valley,-41.29574618,174.7598655
Wellington University,-41.289084,174.7676253
Wellington Central,-41.2849345,174.7757259
Brooklyn North,-41.30427883,174.7558567
Dixon Street,-41.29101921,174.7746953
Vivian West,-41.2946931,174.7728397
Courtenay,-41.29206034,174.7828037
Brooklyn East,-41.30788268,174.765854
Mount Cook West,-41.30328333,174.7718425
Vivian East,-41.29691524,174.7800724
Brooklyn South,-41.31685108,174.7565094
Oriental Bay,-41.29186473,174.7928724
Mount Cook East,-41.30251481,174.7775014
Mount Victoria,-41.29882878,174.7876383
Roseneath,-41.29229126,174.8007988
Owhiro Bay,-41.33789607,174.7612003
Kingston-Mornington-Vogeltown,-41.31951669,174.7658019
Newtown North,-41.30900081,174.7831944
Newtown West,-41.31289315,174.7760824
Hataitai North,-41.30162529,174.7962981
Evans Bay,-41.31155628,174.7967003
Berhampore,-41.3232653,174.7737803
Hataitai South,-41.30906949,174.7924461
Maupuia,-41.297146,174.8245451
Newtown South,-41.32048296,174.7843986
Kilbirnie Central,-41.31694317,174.792679
Island Bay West,-41.34095916,174.7690484
Melrose,-41.32428747,174.7891307
Island Bay East,-41.33666605,174.7759235
Miramar North,-41.30598537,174.8232631
Kilbirnie East,-41.32095571,174.8013659
Lyall Bay,-41.32710382,174.7941785
Miramar Central,-41.31292943,174.8176358
Southgate,-41.3341201,174.7826653
Karaka Bay-Worser Bay,-41.31756605,174.825764
Houghton Bay,-41.33776631,174.7873919
Miramar East,-41.31890777,174.8218729
Miramar South,-41.32072604,174.8142055
Rongotai,-41.33075256,174.8096882
Strathmore (Wellington City),-41.33164104,174.820545
Seatoun,-41.32569332,174.833359
Kopuaranga,-40.79823344,175.6379112
Upper Plain,-40.89511815,175.5793565
Opaki,-40.90223549,175.6595923
Ngaumutawa,-40.94117259,175.636236
Solway North,-40.9574562,175.6302984
Lansdowne West,-40.93651284,175.6651881
Masterton Central,-40.95047108,175.6616705
Kuripuni,-40.95167579,175.6432634
Douglas Park,-40.94626766,175.6525435
Solway South,-40.96910555,175.6340357
Lansdowne East,-40.94138749,175.6811907
Cameron and Soldiers Park,-40.95711923,175.6613634
Whareama,-40.91901694,175.9899475
Homebush-Te Ore Ore,-40.98154193,175.7122786
McJorrow Park,-40.96017905,175.667458
Mount Holdsworth,-40.91709663,175.4513645
Carterton North,-41.01943446,175.5268394
Kokotau,-41.0381449,175.5814547
Carterton South,-41.03427242,175.5142521
Gladstone (Carterton District),-41.21809101,175.8644845
Tauherenikau,-41.06390044,175.3690747
Kahutara,-41.33273164,175.0804626
Featherston,-41.11610965,175.3242967
Inland water Lake Wairarapa,-41.21396806,175.2414329
Greytown,-41.08242941,175.4542838
Aorangi Forest,-41.37490301,175.4579374
Martinborough,-41.21981971,175.4586254
Oceanic Three Kings Islands,-34.15798817,172.2533452
Three Kings Islands,-34.15653435,172.1387561
Oceanic Northland Region,-36.07225336,173.6943377
Inlet Doubtless Bay,-34.92735351,173.4597628
Inlet Kaipara Harbour North,-36.25714889,174.1947091
Oceanic Waikato Region East,-37.09321776,176.0629089
Inlets Waikato Region,-36.7439021,175.4648966
Oceanic Waikato Region West,-38.00225199,174.5701328
Oceanic Bay of Plenty Region,-37.44807168,176.4745029
Islands Bay of Plenty Region,-37.28628524,176.2551424
Oceanic Taranaki Region,-39.56939703,173.8150175
Inlet Port Taranaki,-39.05470482,174.0556996
Oceanic Gisborne Region,-38.82332632,178.1470583
Oceanic Manawatu-Wanganui Region West,-40.36481542,175.1039435
Oceanic Hawke's Bay Region,-39.16751646,177.4125711
Inlet Port Napier,-39.47388086,176.9189437
Oceanic Wellington Region,-41.6472164,175.5013399
Inlet Wellington Harbour,-41.2805095,174.8505098
Bare Island,-39.83346342,177.0274432
Oceanic Manawatu-Wanganui Region East,-40.61132066,176.6200731
Oceanic Tasman Region,-40.65288679,172.8705526
Golden Bay/Mohua,-40.86935481,172.5719566
Inlets Golden Bay,-40.53114916,172.8671745
Takaka,-40.86055176,172.818787
Pohara-Abel Tasman,-40.89750912,172.923212
Takaka Hills,-41.05045126,172.9241333
Kaiteriteri-Riwaka,-41.08454704,173.0047143
Upper Moutere,-41.24935169,172.851509
Lower Moutere,-41.16044272,172.9805087
Motueka North,-41.1058919,173.0131886
Motueka West,-41.12544913,172.9956096
Motueka East,-41.12000591,173.0192224
Inlets Motueka,-41.14886732,173.02077
Golden Downs,-41.50890922,172.7882653
Moutere Hills,-41.26413088,173.0336074
Ruby Bay-Mapua,-41.24162526,173.0804903
Murchison-Nelson Lakes,-41.88459953,172.4650349
Inlet Waimea West,-41.28409711,173.1043561
Islands Tasman District,-41.27379273,173.1524239
Waimea West,-41.32976373,173.0812481
Appleby,-41.33424814,173.1374464
Wakefield,-41.41061439,173.0442463
Richmond West (Tasman District),-41.33020686,173.1695053
Wakefield Rural,-41.49668834,173.1215547
Brightwater,-41.37680724,173.0998617
Hope,-41.36688271,173.1430884
Richmond Central (Tasman District),-41.33750365,173.1893864
Ben Cooper Park,-41.34508297,173.1758923
Richmond South (Tasman District),-41.35692129,173.1715681
Wilkes Park,-41.34753186,173.1866824
Templemore,-41.34152248,173.2041874
Easby Park,-41.34673271,173.1983645
Fairose,-41.35339405,173.180854
Aniseed Valley,-41.38639039,173.2089168
Nelson Rural,-41.23837971,173.4127283
Inlets Nelson City,-41.23730358,173.3069459
Marybank,-41.22889456,173.3221737
Port Nelson,-41.26152211,173.2779615
Nelson Airport,-41.2956675,173.2297509
Tahunanui,-41.2844889,173.2411211
Britannia,-41.26846575,173.2703045
Atawhai,-41.24786852,173.3197667
Broadgreen-Monaco,-41.30725889,173.2268797
Washington,-41.27521882,173.2665447
Tahuna Hills,-41.29106093,173.2533226
Nelson Central-Trafalgar,-41.27273863,173.2821088
The Wood,-41.26709294,173.2923987
Toi Toi,-41.28540651,173.2617007
Nayland,-41.30432817,173.2364862
Aldinga,-41.31388017,173.2215774
Victory,-41.28580137,173.2698858
Rutherford,-41.28072441,173.2823076
Maitlands,-41.30875019,173.2430187
Maitai,-41.27666765,173.2982542
Grampians,-41.29660057,173.273515
Saxton,-41.33372364,173.2216325
Suffolk,-41.32485632,173.2209409
Omaio,-41.32459713,173.2443865
Enner Glynn,-41.31495427,173.2643733
Daelyn,-41.33817502,173.2125886
The Brook,-41.3006165,173.2914447
Marlborough Sounds West,-41.25619764,173.6263539
Marlborough Sounds Coastal Marine,-41.25046897,174.0282595
Marlborough Sounds East,-41.3212678,174.0401182
Upper Wairau,-41.71793751,173.3040626
Waikawa (Marlborough District),-41.26901239,174.0336733
Waitohi (Marlborough District),-41.2943994,173.9996179
Tuamarina,-41.41852542,173.9111466
Awatere,-42.09611412,173.2944504
Renwick,-41.50813804,173.8259175
Lower Wairau,-41.48548663,174.0060075
Woodbourne,-41.5308031,173.9036379
Spring Creek-Grovetown,-41.47495673,173.9641018
Springlands,-41.50422292,173.9361783
Yelverton,-41.51419128,173.9342761
Mayfield,-41.50254609,173.9522346
Whitney West,-41.52198108,173.9421136
Blenheim Central,-41.51522392,173.9625465
Riversdale-Islington,-41.50646403,173.9670844
Whitney East,-41.52059859,173.9589101
Redwoodtown West,-41.5299556,173.9485809
Witherlea West,-41.5400542,173.9453563
Redwoodtown East,-41.52801744,173.9598167
Riverlands,-41.52671731,173.9790782
Witherlea East,-41.53819682,173.9585948
Inlet Wairau River,-41.54600335,174.1067858
Kaikoura Ranges,-42.19710797,173.644085
Kaikoura,-42.4127248,173.6766795
Karamea,-41.29229662,172.2645122
Inlets Buller District,-41.26932742,172.0999512
Westport North,-41.74413804,171.6089938
Westport Rural,-41.78172508,171.6467573
Westport South,-41.76073382,171.6095002
Buller Coalfields,-41.7281935,171.8668161
Charleston (Buller District),-41.92259823,171.5843637
Inangahua,-42.17196452,171.9956588
Reefton,-42.11509177,171.8601089
Barrytown,-42.31021412,171.4333995
Runanga,-42.39680002,171.2509668
Cobden,-42.43633349,171.2084546
Blaketown,-42.44740905,171.1975893
Greymouth Central,-42.45704831,171.1992499
King Park,-42.45663632,171.2105671
Marsden,-42.4696684,171.2048457
Karoro,-42.48259655,171.1959585
Rutherglen-Camerons,-42.52592165,171.1647613
Greymouth Rural,-42.55654451,171.2864679
Dobson,-42.48840424,171.4100769
Nelson Creek,-42.43145547,171.6881398
Lake Brunner,-42.66149957,171.6947027
Haast,-44.09890946,168.8420513
Westland Glaciers-Bruce Bay,-43.61327906,169.8426138
Arahura-Kumara,-42.6790058,171.1382281
Hokitika,-42.71867868,170.9718632
Inlets Westland District,-43.19238803,170.2176604
Hokitika Rural,-42.78693668,170.9608293
Waitaha,-43.09058185,170.7819971
Whataroa-Harihari,-43.25841799,170.4390525
Hokitika Valley-Otira,-42.87811794,171.3044291
Hanmer Range,-42.53316595,172.4976134
Amuri,-42.64453066,172.9587074
Hanmer Springs,-42.5230022,172.8230349
Upper Hurunui,-42.93387941,172.5473333
Parnassus,-42.79494631,173.2226712
Ashley Forest,-43.12462587,172.564034
Omihi,-42.98563474,172.9468352
Balcairn,-43.13161687,172.7840576
Amberley,-43.15508463,172.7312169
Okuku,-43.12763768,172.24231
Ashley Gorge,-43.284114,172.0736528
Oxford,-43.2987357,172.1830939
Starvation Hill-Cust,-43.29262485,172.3627532
Loburn,-43.23066472,172.516806
Eyrewell,-43.39853546,172.2881368
West Eyreton,-43.3561292,172.4347179
Ashley-Sefton,-43.24549574,172.6535825
Fernside,-43.32395864,172.5645026
Rangiora North West,-43.29751332,172.5693819
Kingsbury,-43.29311511,172.586455
Ashgrove,-43.30164492,172.5814134
Rangiora North East,-43.29742452,172.6008995
Oxford Estate,-43.30960469,172.5766033
Rangiora Central,-43.30280578,172.5956959
Rangiora South West,-43.3119255,172.5854551
Lilybrook,-43.31092043,172.5936843
Waikuku,-43.29270375,172.6644094
Mandeville-Ohoka,-43.36686582,172.5444706
Rangiora South East,-43.30889905,172.6103358
Southbrook,-43.32718073,172.597658
Swannanoa-Eyreton,-43.41513779,172.5106201
Tuahiwi,-43.3357899,172.6359632
Woodend,-43.32176017,172.665876
Pegasus,-43.31136296,172.6965139
Clarkville,-43.39545445,172.6078508
Pegasus Bay,-43.35501518,172.690104
Kaiapoi North West,-43.37053744,172.6577129
Silverstream (Waimakariri District),-43.37879521,172.6372476
Sovereign Palms,-43.36711702,172.6683767
Kaiapoi West,-43.38223807,172.6442563
Kaiapoi Central,-43.38654697,172.6544697
Kaiapoi South,-43.39182324,172.6466487
Kaiapoi East,-43.40471363,172.6510447
McLeans Island,-43.4638818,172.5048243
Paparua,-43.52734771,172.4622635
Yaldhurst,-43.51680117,172.5144061
Christchurch Airport,-43.48221523,172.5438364
Clearwater,-43.45442864,172.5983343
Belfast West,-43.44568253,172.6230912
Harewood,-43.47757938,172.5726116
Brooklands-Spencerville,-43.39599786,172.6863801
Styx,-43.43834815,172.6810372
Belfast East,-43.44840955,172.6376441
Northwood,-43.45866323,172.6141535
Russley,-43.49336565,172.5585473
Regents Park,-43.47061675,172.602636
Hawthornden,-43.50441948,172.5502742
Bishopdale North,-43.48356448,172.5876597
Casebrook,-43.47930829,172.5986456
Bishopdale West,-43.48933117,172.5790014
Templeton,-43.55260267,172.4696279
Islington,-43.53364724,172.50821
Burnside Park,-43.50169208,172.5628153
Marshland,-43.46980091,172.6450275
Avonhead North,-43.50653015,172.5573005
Redwood North,-43.46919569,172.6246957
Broomfield,-43.52505687,172.5301377
Redwood West,-43.47845362,172.613316
Avonhead West,-43.51339363,172.5503845
Bishopdale South,-43.49422735,172.5860551
Islington-Hornby Industrial,-43.5526063,172.5082885
Burnside,-43.50309147,172.5759413
Hei Hei,-43.53393242,172.5226148
Papanui North,-43.48926229,172.5969871
Avonhead East,-43.51559902,172.5587008
Redwood East,-43.47970507,172.6229093
Avonhead South,-43.52219969,172.5520326
Riccarton Racecourse,-43.52902176,172.5428604
Bryndwr North,-43.50194025,172.5896933
Northlands (Christchurch City),-43.49209266,172.6068881
Papanui West,-43.49681218,172.6001365
Ilam North,-43.51329549,172.5691116
Hornby West,-43.54456745,172.5156459
Hornby Central,-43.53921804,172.5356634
Northcote (Christchurch City),-43.48988035,172.618714
Jellie Park,-43.51329391,172.5836033
Ilam South,-43.5243795,172.5626039
Bryndwr South,-43.5066813,172.5963533
Papanui East,-43.49804758,172.6150646
Sockburn North,-43.5324799,172.5574165
Hornby South,-43.54829435,172.5330913
Ilam University,-43.52336127,172.5782646
Prestons,-43.47713961,172.667796
Strowan,-43.50761954,172.6087465
Fendalton,-43.5158088,172.5967082
Waitikiri,-43.46773853,172.6744824
Mairehau North,-43.49292661,172.6381933
Bush Inn,-43.52942223,172.576402
Awatea North,-43.55272616,172.5384908
Upper Riccarton,-43.53514903,172.5690102
Malvern,-43.5022149,172.6305073
Rutland,-43.50650406,172.6226748
Sockburn South,-43.5449149,172.563505
Deans Bush,-43.52473249,172.5944719
Wigram North,-43.54869576,172.5527547
Holmwood,-43.519344,172.6084094
Wharenui,-43.53501129,172.5805019
Wigram West,-43.55347306,172.5483415
Awatea South,-43.56061939,172.5435622
Merivale,-43.51635206,172.6191133
Mairehau South,-43.50208583,172.6453912
Mona Vale,-43.52638334,172.6066939
Riccarton West,-43.53414393,172.591388
Shirley West,-43.49946804,172.6569581
Middleton,-43.54208461,172.5833109
Wigram South,-43.55637675,172.5547285
Queenspark,-43.47537667,172.6971588
St Albans North,-43.5100332,172.6372911
St Albans West,-43.51530568,172.6286832
Travis Wetlands,-43.48560388,172.6887001
Wigram East,-43.55333199,172.5619128
Riccarton Central,-43.53057675,172.5990751
Oaklands West,-43.56943685,172.5494709
Riccarton South,-43.53444076,172.6019683
Halswell West,-43.57962401,172.5404701
Shirley East,-43.49842561,172.6672531
Broken Run,-43.55950031,172.5606438
St Albans East,-43.5171441,172.6375905
Hagley Park,-43.53053792,172.6198125
Hillmorton,-43.55310995,172.5837818
Parklands,-43.48059253,172.7080666
Riccarton East,-43.53245227,172.6107027
Edgeware,-43.51435173,172.6470585
Aidanfield,-43.56445434,172.5673239
Tower Junction,-43.53882448,172.6079423
Burwood,-43.49555459,172.684889
Christchurch Central-West,-43.52780609,172.6306519
Christchurch Central-North,-43.52331085,172.6403171
Richmond North (Christchurch City),-43.51297088,172.6586263
Waimairi Beach,-43.48124273,172.7194626
Addington West,-43.54499206,172.613619
Otakaro-Avon River Corridor,-43.49893302,172.6943651
Oaklands East,-43.57609972,172.561909
Addington North,-43.54120365,172.6176897
Dallington,-43.51125813,172.6716101
Christchurch Central,-43.53243368,172.6360164
Hoon Hay West,-43.56060632,172.5904323
Richmond South (Christchurch City),-43.52133921,172.6562708
Spreydon West,-43.55299393,172.6045523
Christchurch Central-East,-43.5288128,172.6455285
Christchurch Central-South,-43.53815861,172.6424029
North Beach,-43.49110354,172.714754
Halswell North,-43.57394904,172.5780119
Addington East,-43.5451456,172.6230579
Avondale (Christchurch City),-43.50772731,172.6929914
Spreydon North,-43.55155974,172.6201386
Hoon Hay East,-43.56478385,172.6001432
Avonside,-43.52342743,172.6705672
Linwood West,-43.52976222,172.6590257
Halswell South,-43.58945552,172.5652826
Sydenham Central,-43.54360725,172.6376644
Spreydon South,-43.5582285,172.6133431
Rawhiti,-43.50238558,172.7170074
Wainoni,-43.51845163,172.6898229
Linwood North,-43.52803092,172.672218
Aranui,-43.51060358,172.7053232
Sydenham West,-43.5508551,172.6331679
Lancaster Park,-43.5413884,172.6534567
Phillipstown,-43.53685957,172.6637468
Kennedys Bush,-43.59666832,172.5839002
Somerfield East,-43.55924724,172.6295034
Somerfield West,-43.56590241,172.6192488
Linwood East,-43.52959968,172.6828743
Sydenham North,-43.55054464,172.6435652
Hoon Hay South,-43.5718849,172.6115739
Charleston (Christchurch City),-43.5431686,172.6598341
Sydenham South,-43.55482073,172.641304
Bexley,-43.51992407,172.7052867
Waltham,-43.55056762,172.6532821
Westmorland,-43.58478365,172.6094708
Woolston North,-43.54092011,172.675242
New Brighton,-43.51368514,172.729512
Cashmere West,-43.57398844,172.622746
Bromley South,-43.53669331,172.6836722
Ensors,-43.54795758,172.668316
Beckenham,-43.56340204,172.6428246
Bromley North,-43.53482145,172.7062927
St Martins,-43.5572164,172.6539556
Opawa,-43.55608227,172.6620439
Woolston West,-43.55161834,172.6760611
Woolston East,-43.54874136,172.6868985
Huntsbury,-43.56900535,172.6509299
Cashmere East,-43.57800586,172.6406214
Hillsborough (Christchurch City),-43.56038209,172.6701393
Woolston South,-43.56123026,172.6842121
Port Hills,-43.59551435,172.684002
South New Brighton,-43.53129617,172.7391769
Brookhaven-Ferrymead,-43.56010436,172.7002034
Heathcote Valley,-43.57763059,172.7124106
Mount Pleasant,-43.56433719,172.7189023
Redcliffs,-43.56567241,172.7317565
Governors Bay,-43.6325423,172.6397537
Inlets other Christchurch City,-43.65205162,172.9067198
Clifton Hill,-43.57187078,172.747837
Lyttelton,-43.6070273,172.7064917
Inlet Port Lyttelton,-43.60911247,172.7819239
Sumner,-43.57493364,172.7635625
Teddington,-43.67153578,172.7129822
Diamond Harbour,-43.63070411,172.7350818
Inland water Lake Ellesmere/Te Waihora South,-43.79836136,172.5564964
Banks Peninsula South,-43.78081842,172.7263383
Eastern Bays-Banks Peninsula,-43.67581961,172.9312967
Akaroa Harbour,-43.84175281,172.9532159
Inlet Akaroa Harbour,-43.83633448,172.9218513
Akaroa,-43.80712605,172.9685391
Craigieburn,-43.06891577,171.6727552
Torlesse,-43.34568833,171.9032031
Glenroy-Hororata,-43.48288665,171.7871357
Glentunnel,-43.47318088,172.0136456
Darfield,-43.49796117,172.099917
Kirwee,-43.47484385,172.1996652
Bankside,-43.65857485,172.0374158
Charing Cross,-43.56459027,172.1508652
Halkett,-43.49237114,172.3502882
Newtons Road,-43.56941172,172.3194474
West Melton,-43.52569623,172.3651872
Burnham Camp,-43.61513889,172.3029587
Rolleston Izone,-43.584002,172.3710001
Rolleston North West,-43.60086348,172.3634067
Springston,-43.65558055,172.3755659
Rolleston Central,-43.60049642,172.3756982
Rolleston North East,-43.59059543,172.3960259
Rolleston South West,-43.6149097,172.3745852
Southbridge,-43.79254412,172.2102384
Rolleston South East,-43.61058176,172.4018365
Trents,-43.59541921,172.4648755
Prebbleton,-43.57865333,172.5078363
Irwell,-43.72598112,172.3381565
Ladbrooks,-43.63935048,172.5247638
Lincoln West,-43.64345571,172.477912
Lincoln East,-43.638533,172.4936917
Leeston,-43.7602356,172.2966194
Tai Tapu,-43.66624869,172.5844829
Motukarara,-43.71908674,172.5269321
Inland water Lake Ellesmere/Te Waihora North,-43.7799742,172.4460473
Ashburton Lakes,-43.44940441,171.1294528
Cairnbrae,-43.66455634,171.7735546
Ashburton Forks,-43.78492258,171.4318198
Methven,-43.63301935,171.6426798
Ealing-Lowcliffe,-44.03656373,171.4974175
Eiffelton,-43.95897704,171.6650052
Chertsey,-43.82506248,171.9664649
Winchmore-Wakanui,-43.96318598,171.828291
Allenton North,-43.88205658,171.7451256
Allenton South,-43.89054116,171.7323266
Rakaia,-43.74700637,172.0090343
Ashburton North,-43.89179707,171.7894587
Allenton East,-43.89118299,171.7575645
Tinwald North,-43.91264327,171.7237037
Ashburton Central,-43.90252481,171.7353785
Ashburton West,-43.89854645,171.7443123
Tinwald South,-43.92478814,171.7182215
Ashburton East,-43.90293675,171.7579984
Netherby,-43.90025621,171.7658109
Hampstead,-43.91158863,171.7564673
Ben McLeod,-43.68469309,170.8908758
Arundel,-44.06044997,171.0579773
Levels Valley,-44.27189292,171.0144624
Geraldine,-44.09410338,171.2385417
Rangitata,-44.11035618,171.3257573
Waitohi (Timaru District),-44.18539597,171.3783339
Pleasant Point,-44.25662164,171.1360097
Temuka West,-44.23697154,171.2766009
Hadlow,-44.37278751,171.1467659
Levels,-44.29433296,171.2552636
Temuka East,-44.24725922,171.2978368
Gleniti North,-44.37306152,171.1853889
Washdyke,-44.35333362,171.2478134
Fairview,-44.44015612,171.1752582
Gleniti South,-44.3836929,171.1963659
Glenwood,-44.38744935,171.2085265
Marchwiel West,-44.37956812,171.2246248
Marchwiel East,-44.37704716,171.2353454
Highfield North,-44.38615156,171.2231873
Highfield South,-44.39352828,171.2178066
Waimataitai-Maori Hill,-44.38365816,171.2420327
Fraser Park,-44.39596592,171.2304507
Seaview,-44.39548712,171.2416959
Inlet Port Timaru,-44.39044581,171.2574631
Watlington,-44.40623438,171.2320113
Timaru Central,-44.39838399,171.2514175
Timaru East,-44.41420462,171.2609405
Parkside,-44.40469035,171.2463292
Kensington (Timaru District),-44.41174605,171.2472622
Mackenzie Lakes,-43.93299669,170.3058378
Inland water Lake Pukaki,-44.05405939,170.1686049
Inland water Lake Tekapo,-43.88821454,170.523067
Twizel,-44.26855663,170.0937685
Opua (Mackenzie District),-43.8561873,171.0685712
Fairlie,-44.09701087,170.8253535
Hakataramea,-44.5949764,170.5931437
Maungati,-44.49962787,170.9397618
Lyalldale,-44.49021445,171.1096423
Makikihi-Willowbridge,-44.68813769,171.0511393
Waimate North,-44.72202963,171.047794
Morven-Glenavy-Ikawai,-44.85372568,171.0010329
Waimate West,-44.73240496,171.0383253
Waimate East,-44.73770602,171.0473473
Oceanic Chatham Islands,-44.09000893,-175.9326464
Chatham Islands,-43.77987148,-176.3679628
Aviemore,-44.47471306,169.9505634
Inland water Lake Ohau,-44.22094871,169.8467395
Danseys Pass,-44.89434996,170.502109
Ngapara,-45.06213909,170.6974178
Lower Waitaki,-45.00239341,171.0203569
Waihemo,-45.39244142,170.5515955
Maheno,-45.27731871,170.7053441
Weston,-45.08908465,170.9307191
Oamaru North Milner Park,-45.06404471,171.0000369
Oamaru North Orana Park,-45.08058565,170.9776537
Oamaru Gardens,-45.09820391,170.9453973
Glen Warren,-45.09087588,170.9672687
Holmes Hill,-45.10681931,170.9473211
Oamaru Central,-45.1007158,170.9718248
South Hill,-45.10579567,170.9613857
Inlet Port Oamaru,-45.10727618,170.9763437
Palmerston,-45.48147258,170.7095436
Lindis-Nevis Valleys,-44.94314357,169.2809039
Cromwell West,-45.06411975,169.1704764
Cromwell East,-45.03747874,169.2061791
Manuherikia-Ida Valleys,-45.0524266,169.7255609
Earnscleugh,-45.2810906,169.2508694
Dunstan-Galloway,-45.19905383,169.4394309
Clyde,-45.19247012,169.3244548
Alexandra North,-45.24363835,169.3898474
Alexandra South,-45.25210421,169.3757854
Maniototo,-45.25282329,170.0208691
Teviot Valley,-45.58227059,169.426679
Outer Wanaka,-44.47627247,169.4095157
Glenorchy,-44.72734758,168.355934
Inland water Lake Wanaka,-44.52723691,169.1114966
Outer Wakatipu,-44.83712994,168.7154404
Inland water Lake Hawea,-44.38179187,169.3944743
Cardrona,-44.78255502,169.0497263
Inland water Lake Wakatipu,-45.08666442,168.5545999
Wanaka Waterfront,-44.67399475,169.1308365
Wanaka North,-44.68004109,169.1523206
Wanaka West,-44.70336241,169.1152795
Albert Town,-44.68367445,169.1820108
Wanaka Central,-44.70519427,169.1499495
Lake Hawea,-44.61387879,169.2667843
Upper Clutha Valley,-44.68728145,169.2943196
Kingston,-45.19619152,168.513057
Arthurs Point,-44.98924909,168.6732629
Wakatipu Basin,-44.97140971,168.7838267
Queenstown Hill,-45.00760658,168.6994033
Warren Park,-45.02264371,168.66173
Sunshine Bay-Fernhill,-45.04130323,168.6310687
Arrowtown,-44.9457261,168.8384156
Quail Rise,-44.99478952,168.748761
Queenstown Central,-45.0327315,168.6546034
Queenstown East,-45.03289461,168.6724977
Frankton Arm,-45.02699752,168.6893979
Frankton,-45.01825697,168.7458528
Lake Hayes,-44.97955825,168.8147685
Kelvin Heights,-45.0390866,168.7232524
Shotover Country,-45.00679253,168.7757255
Lake Hayes Estate,-45.00228082,168.7937444
Jacks Point,-45.07182625,168.7371562
Strath Taieri,-45.63286905,170.1227055
Bucklands Crossing,-45.62493912,170.5324989
Waikouaiti,-45.60312292,170.6672577
Momona,-45.93568773,170.2027137
Taieri,-45.82713359,170.3663382
Inlets other Dunedin City,-45.7300537,170.5831487
Mount Cargill,-45.78374853,170.5697094
Bush Road,-45.87310687,170.3383155
Mosgiel East,-45.86646279,170.3643547
Mosgiel Central,-45.87866986,170.3478655
Seddon Park,-45.87666031,170.3564382
Wingatui,-45.86700748,170.3862776
Saddle Hill-Chain Hills,-45.91291031,170.3827252
East Taieri,-45.89103385,170.3518894
Halfway Bush,-45.85706687,170.4665423
Helensburgh,-45.84936353,170.4834064
Glenleith,-45.84321396,170.4996071
Fairfield (Dunedin City),-45.90161406,170.4007974
Inlet Otago Harbour,-45.83827386,170.6171676
Brockville,-45.86689774,170.4616037
Wakari,-45.85838705,170.4862186
Abbotsford,-45.89815819,170.4226316
Brighton,-45.93395134,170.3742579
Pine Hill-Dalmore,-45.84825689,170.5138806
Kaikorai-Bradford,-45.89632854,170.4487664
Maori Hill,-45.85777797,170.5006465
Roslyn (Dunedin City),-45.86711907,170.4917572
North East Valley Chingford,-45.84682841,170.5296846
Roseneath-Sawyers Bay,-45.8281024,170.5912867
Normanby,-45.8417597,170.5449034
North East Valley Knox,-45.85238619,170.5223725
Belleknowes,-45.87481662,170.4813773
Gardens (Dunedin City),-45.85877849,170.5191685
Kenmure,-45.88684127,170.468585
Campus West,-45.86290217,170.5078626
Waldronville,-45.91984564,170.4255345
Green Island,-45.90709712,170.4373693
Port Chalmers,-45.81220383,170.6179941
Royal Terrace,-45.86668004,170.5046662
Arthur Street,-45.8757494,170.4927273
Opoho,-45.85517613,170.5419488
Campus North,-45.86491215,170.5195025
Campus South,-45.86793792,170.5121168
Mornington,-45.88564448,170.4840424
Dunedin Central,-45.87712471,170.5029122
Maryhill,-45.89194542,170.4756852
Ravensbourne-St Leonards,-45.85250406,170.5653481
Harbourside,-45.86782727,170.5313008
Fernhill,-45.88464081,170.4931845
Otago Peninsula,-45.87156725,170.6461088
Concord,-45.90471629,170.4603459
Calton Hill,-45.89931896,170.4685923
Caversham,-45.89677117,170.4820345
Hillside-Portsmouth Drive,-45.89228448,170.5043287
Kew (Dunedin City),-45.90324804,170.4807196
Corstorphine,-45.90830943,170.4722257
Forbury,-45.90099334,170.490306
Bathgate Park,-45.89889991,170.4999829
St Clair,-45.9148609,170.4756208
Waverley,-45.88463789,170.5335028
Macandrew Bay-Company Bay,-45.87172339,170.5941441
Broad Bay-Portobello,-45.84455049,170.638298
St Kilda South,-45.90481538,170.5028639
Musselburgh,-45.89733798,170.5181474
Shiel Hill,-45.88811859,170.5429681
St Kilda North,-45.90351204,170.5132918
Andersons Bay,-45.8982685,170.5368351
Tainui,-45.90348586,170.5277861
West Otago,-45.83535422,169.212907
Tuapeka,-45.88283856,169.7150744
Clinton,-46.23295914,169.3630284
Clutha Valley,-46.14666172,169.6156287
Bruce,-46.07247342,170.0865561
Catlins,-46.45964433,169.4651702
Milton,-46.12167234,169.9675018
Balclutha South,-46.24449018,169.7225541
Balclutha North,-46.23245645,169.7529172
Benhar-Stirling,-46.23721671,169.7779834
Kaitangata-Matau,-46.26457502,169.8572419
Inlet Catlins,-46.47667891,169.6419765
Fiordland,-45.35169124,167.3618722
Inlets Fiordland,-45.7095589,166.7231125
Inland water Lake Te Anau,-45.2107913,167.730703
Mararoa,-45.26618632,167.9813603
Inland water Lake Manapouri,-45.51832727,167.4928202
Te Anau,-45.4135156,167.7230305
Whitestone,-45.44172667,167.7540566
Mossburn,-45.5465414,168.3746571
Inland water Lake Hauroko,-45.92099239,167.2671697
Longwood Forest,-46.01707924,167.6730109
Ohai-Nightcaps,-45.89093509,168.0261404
Riversdale-Piano Flat,-45.48645863,169.0316281
Lumsden-Balfour,-45.74921739,168.6100211
Oreti River,-46.00268489,168.3178989
Otautau,-46.19250679,168.0534784
Hedgehope,-46.12903119,168.5658401
Winton,-46.14486071,168.3238251
Waianiwa,-46.24535244,168.3302704
Riverton,-46.37009983,168.0125718
Wallacetown,-46.33578429,168.2555345
Grove Bush,-46.30068372,168.4781271
Edendale-Woodlands,-46.3334381,168.6700711
Inlets other Southland District,-46.56863831,168.6034675
Stewart Island,-46.94043601,167.8585502
Awarua Plains,-46.48269183,168.6040988
Wyndham-Catlins,-46.47283276,168.9919312
Waikaka,-45.96604044,168.9804374
Waimumu-Kaiwera,-46.20791261,169.0730871
Gore North,-46.09161463,168.938688
Gore West,-46.10626401,168.9235618
East Gore,-46.08957912,168.9613628
Gore Central,-46.09988752,168.9452006
Gore Main,-46.10427676,168.9374566
Gore South,-46.12386918,168.9205021
Mataura,-46.18742074,168.8733023
West Plains-Makarewa,-46.4816177,168.2790394
Prestonville-Grasmere,-46.38023874,168.3416571
Donovan Park,-46.37529256,168.3565711
Myross Bush,-46.37140357,168.4041521
Otatara,-46.43520129,168.2879193
Invercargill Central,-46.41489239,168.3285073
Gladstone (Invercargill City),-46.39213483,168.3533006
Rosedale,-46.38971341,168.3679626
Avenal,-46.40074343,168.3527294
Hargest,-46.38994186,168.3801311
Windsor,-46.39716606,168.3756861
Richmond (Invercargill City),-46.40719619,168.3691814
Glengarry,-46.40175741,168.3880986
Inlet New River Estuary,-46.48055309,168.3110081
Turnbull Thompson Park,-46.4103152,168.3855181
Crinan,-46.42135777,168.3563527
Georgetown,-46.41932389,168.3690064
Kew (Invercargill City),-46.43342614,168.353793
Kennington-Tisbury,-46.42133008,168.4219633
Newfield,-46.41755347,168.3890727
Strathern,-46.42792492,168.3683938
Elizabeth Park,-46.42502106,168.3870204
Aurora,-46.42992339,168.382234
Moulson,-46.43454531,168.376844
Kingswell,-46.44101863,168.3709902
Clifton,-46.4506845,168.3651353
Woodend-Greenhills,-46.52117182,168.3747082
Inlet Bluff Harbour,-46.57448006,168.3564574
Bluff,-46.60724545,168.3322456
Oceanic West Coast Region,-43.13229217,170.0554719
Oceanic Nelson Region,-41.03769285,173.4018247
Oceanic Marlborough Region,-41.63120531,174.342825
Oceanic Southland Region,-46.40514444,167.5331173
Oceanic Canterbury Region,-43.95822037,172.7389226
Oceanic Otago Region,-46.13228362,170.3436236
